Name,Type,Nat Dex Num,Galar Dex Num,Armor Dex Num,Abilities,Stats
bulbasaur,"['grass', 'poison']",1,---,68,"['Overgrow', 'Chlorophyll']","['Base Stats - Total: 318', '45', '49', '49', '65', '65', '45']"
ivysaur,"['grass', 'poison']",2,---,169,"['Overgrow', 'Chlorophyll']","['Base Stats - Total: 405', '60', '62', '63', '80', '80', '60']"
venusaur,"['grass', 'poison']",3,---,70,"['Overgrow', 'Chlorophyll']","['Base Stats - Total: 525', '80', '82', '83', '100', '100', '80']"
charmander,['fire'],4,378,---,"['Blaze', 'Solar Power']","['Base Stats - Total: 309', '39', '52', '43', '60', '50', '65']"
charmeleon,['fire'],5,379,---,"['Blaze', 'Solar Power']","['Base Stats - Total: 405', '58', '64', '58', '80', '65', '80']"
charizard,"['fire', 'flying']",6,380,---,"['Blaze', 'Solar Power']","['Base Stats - Total: 534', '78', '84', '78', '109', '85', '100']"
squirtle,['water'],7,---,71,"['Torrent', 'Rain Dish']","['Base Stats - Total: 314', '44', '48', '65', '50', '64', '43']"
wartortle,['water'],8,---,---,"['Torrent', 'Rain Dish']","['Base Stats - Total: 405', '59', '63', '80', '65', '80', '58']"
blastoise,"['water', 'water']",9,---,---,"['Torrent', 'Rain Dish']","['Base Stats - Total: 530', '79', '83', '100', '85', '105', '78']"
caterpie,['bug'],10,13,---,"['Shield Dust', 'Run Away']","['Base Stats - Total: 195', '45', '30', '35', '20', '20', '45']"
metapod,['bug'],11,14,---,['Shed Skin'],"['Base Stats - Total: 205', '50', '20', '55', '25', '25', '30']"
butterfree,"['bug', 'flying']",12,15,---,"['Compoundeyes', 'Tinted Lens']","['Base Stats - Total: 395', '60', '45', '50', '90', '80', '70']"
pikachu,"['electric', 'electric']",25,194,---,"['Static', 'Lightning Rod']","['Base Stats - Total: 320', '35', '55', '40', '50', '50', '90']"
raichu,"['electric', 'psychic']",26,195,---,"['Static', 'Lightning Rod']","['Base Stats - Total: 485', '60', '90', '55', '90', '80', '110'"
raichu-A,"['electric', 'psychic']",26,195,---,"['Surge Surfer']","'[Base Stats - Total: 485', '60', '85', '50', '95', '85', '110']"
sandshrew,['ground'],27,---,---,"['Sand Veil', 'Sand Rush']","['Base Stats - Total: 300', '50', '75', '85', '20', '30', '40']"
sandshrew-A,['ice', 'steel'],27,---,---,"['Snow Cloak', 'Slush Rush']","['Base Stats - Total: 300', '50', '75', '90', '10', '35', '40']"
sandslash,['ground'],28,---,---,"['Sand Veil', 'Sand Rush']","['Base Stats - Total: 450', '75', '100', '110', '45', '55', '65']"
sandslash-A,['ice', 'steel'],28,---,---,"['Snow Cloak', 'Slush Rush']","['Base Stats - Total: 450', '75', '100', '120', '25', '65', '65']"
clefairy,['fairy'],35,255,---,"['Cute Charm', 'Magic Guard', 'Friend Guard']","['Base Stats - Total: 323', '70', '45', '48', '60', '65', '35']"
clefable,['fairy'],36,256,---,"['Cute Charm', 'Magic Guard', 'Unaware']","['Base Stats - Total: 483', '95', '70', '73', '95', '90', '60']"
vulpix,['fire'],37,68,---,"['Flash Fire', 'Drought']","['Base Stats - Total: 299', '38', '41', '40', '50', '65', '65']"
vulpix-A,['ice'],37,68,---,"['Snow Cloak', 'Snow Warning']","['Base Stats - Total: 299', '38', '41', '40', '50', '65', '65']"
ninetales,['fire'],38,69,---,"['Flash Fire', 'Drought']","['Base Stats - Total: 505', '73', '76', '75', '81', '100', '100']"
ninetales-A,['ice, 'fairy'],38,69,---,"['Snow Cloak', 'Snow Warning']","['Base Stats - Total: 505', '73', '67', '75', '81', '100', '109']"
jigglypuff,"['normal', 'fairy']",39,---,---,"['Cute Charm', 'Competitive', 'Friend Guard']","['Base Stats - Total: 270', '115', '45', '20', '45', '25', '20']"
wigglytuff,"['normal', 'fairy']",40,---,---,"['Cute Charm', 'Competitive', 'Frisk']","['Base Stats - Total: 435', '140', '70', '45', '85', '50', '45']"
oddish,"['grass', 'poison']",43,55,---,"['Chlorophyll', 'Run Away']","['Base Stats - Total: 320', '45', '50', '55', '75', '65', '30']"
gloom,"['grass', 'poison']",44,56,146,"['Chlorophyll', 'Stench']","['Base Stats - Total: 395', '60', '65', '70', '85', '75', '40']"
vileplume,"['grass', 'poison']",45,57,147,"['Chlorophyll', 'Effect Spore']","['Base Stats - Total: 490', '75', '80', '85', '110', '90', '50']"
diglett,['steel'],50,164,144,"['Sand Veil', 'Arena Trap', 'Sand Force']","['Base Stats - Total: 265', '10', '55', '25', '35', '45', '95']"
diglett-A,['ground', 'steel'],50,164,144,"['Sand Veil', 'Sand Force', 'Tangling Hair']","['Base Stats - Total: 265', '10', '55', '30', '35', '45', '90']"
dugtrio,['ground'],51,165,31,"['Sand Veil', 'Arena Trap', 'Sand Force']","['Base Stats - Total: 425', '35', '100', '50', '50', '70', '120']"
dugtrio-A,['ground', 'steel'],51,165,31,"['Sand Veil', 'Sand Force', 'Tangling Hair']","['Base Stats - Total: 425', '35', '100', '60', '50', '70', '110']"
meowth,['normal'],52,182,32,"['Pickup', 'Technician', 'Unnerve']","['Base Stats - Total: 290', '40', '45', '35', '40', '40', '90']"
meowth-A,['dark'],52,182,32,"['Pickup', 'Technician', 'Rattled']","['Base Stats - Total: 290', '40', '35', '35', '50', '40', '90']"
meowth-G,['steel'],52,182,32,"['Pickup', 'Unnerve', 'Tough Claws']","['Base Stats - Total: 290', '50', '65', '55', '40', '40', '40']"
persian,['normal'],53,184,33,"['Limber', 'Technician', 'Unnerve']","['Base Stats - Total: 440', '65', '70', '60', '65', '65', '115']"
persian-A,['dark'],53,184,33,"['Technician', 'Fur Coat', 'Rattled']","['Base Stats - Total: 440', '65', '60', '60', '75', '65', '115']"
psyduck,['water'],54,---,---,"['Damp', 'Cloud Nine', 'Swift Swim']","['Base Stats - Total: 320', '50', '52', '48', '65', '50', '55']"
golduck,['water'],55,---,---,"['Damp', 'Cloud Nine', 'Swift Swim']","['Base Stats - Total: 500', '80', '82', '78', '95', '80', '85']"
growlithe,['fire'],58,70,40,"['Intimidate', 'Flash Fire', 'Justified']","['Base Stats - Total: 350', '55', '70', '45', '70', '50', '60']"
arcanine,['fire'],59,71,41,"['Intimidate', 'Flash Fire', 'Justified']","['Base Stats - Total: 555', '90', '110', '80', '100', '80', '95']"
poliwag,['water'],60,---,---,"['Water Absorb', 'Damp', 'Swift Swim']","['Base Stats - Total: 300', '40', '50', '40', '40', '40', '90']"
poliwhirl,['water'],61,---,---,"['Water Absorb', 'Damp', 'Swift Swim']","['Base Stats - Total: 385', '65', '65', '65', '50', '50', '90']"
poliwrath,"['water', 'fighting']",62,---,---,"['Water Absorb', 'Damp', 'Swift Swim']","['Base Stats - Total: 510', '90', '95', '95', '70', '90', '70']"
abra,['psychic'],63,---,---,"['Synchronize', 'Inner Focus', 'Magic Guard']","['Base Stats - Total: 310', '25', '20', '15', '105', '55', '90']"
kadabra,['psychic'],64,---,---,"['Synchronize', 'Inner Focus', 'Magic Guard']","['Base Stats - Total: 400', '40', '35', '30', '120', '70', '105']"
alakazam,['psychic'],65,---,---,"['Synchronize', 'Inner Focus', 'Magic Guard']","['Base Stats - Total: 500', '55', '50', '45', '135', '95', '120']"
machop,['fighting'],66,138,---,"['Guts', 'No Guard', 'Steadfast']","['Base Stats - Total: 305', '70', '80', '50', '35', '35', '35']"
machoke,['fighting'],67,139,---,"['Guts', 'No Guard', 'Steadfast']","['Base Stats - Total: 405', '80', '100', '70', '50', '60', '45']"
machamp,"['fighting', 'fighting']",68,140,---,"['Guts', 'No Guard', 'Steadfast']","['Base Stats - Total: 505', '90', '130', '80', '65', '85', '55']"
tentacool,"['water', 'poison']",72,---,---,"['Clear Body', 'Liquid Ooze', 'Rain Dish']","['Base Stats - Total: 335', '40', '40', '35', '50', '100', '70']"
tentacruel,"['water', 'poison']",73,---,---,"['Clear Body', 'Liquid Ooze', 'Rain Dish']","['Base Stats - Total: 515', '80', '70', '65', '80', '120', '100']"
ponyta,['fire'],77,333,---,"['Run Away', 'Flash Fire', 'Flame Body']","['Base Stats - Total: 410', '50', '85', '55', '65', '65', '90']"
ponyta-G,['psychic'],77,333,---,"['Run Away', 'Pastel Veil', 'Anticipation']","['Base Stats - Total: 410', '50', '85', '55', '65', '65', '90']"
rapidash,['fire'],78,334,---,"['Run Away', 'Flash Fire', 'Flame Body']","['Base Stats - Total: 500', '65', '100', '70', '80', '80', '105']"
rapidash-G,['psychic', 'fairy'],78,334,---,"['Run Away', 'Pastel Veil', 'Anticipation']","['Base Stats - Total: 500', '65', '100', '70', '80', '80', '105']"
slowpoke,['water', 'psychic'],79,---,---,"['Oblivious', 'Own Tempo', 'Regenerator']","['Base Stats - Total: 315', '90', '65', '65', '40', '40', '15']"
slowpoke-G,['psychic'],79,---,---,"['Own Tempo', 'Regenerator', 'Gluttony']","['Base Stats - Total: 315', '90', '65', '65', '40', '40', '15']"
slowbro,"['water', 'psychic']",80,---,---,"['Oblivious', 'Own Tempo', 'Regenerator']","['Base Stats - Total: 490', '95', '75', '110', '100', '80', '30']"
slowbro-G,"['poison', 'psychic']",80,---,---,"['Own Tempo', 'Regenerator', 'Quick Draw']","['Base Stats - Total: 490', '95', '100', '95', '100', '70', '30']"
magnemite,"['electric', 'steel']",81,---,---,"['Magnet Pull', 'Sturdy', 'Analytic']","['Base Stats - Total: 325', '25', '35', '70', '95', '55', '45']"
magneton,['electric', 'steel'],82,---,---,"['Magnet Pull', 'Sturdy', 'Analytic']","['Base Stats - Total: 465', '50', '60', '95', '120', '70', '70']"
farfetch'd,['normal', 'flying'],83,218,---,"['Keen Eye', 'Inner Focus', 'Defiant']","['Base Stats - Total: 377', '52', '90', '55', '58', '62', '60']"
farfetch'd-G,['fighting'],83,218,---,"['Steadfast', 'Scrappy']","['Base Stats - Total: 377', '52', '95', '55', '58', '62', '55']"
shellder,['water'],90,150,---,"['Shell Armor', 'Skill Link', 'Overcoat']","['Base Stats - Total: 305', '30', '65', '100', '45', '25', '40']"
cloyster,"['water', 'ice']",91,151,---,"['Shell Armor', 'Skill Link', 'Overcoat']","['Base Stats - Total: 525', '50', '95', '180', '85', '45', '70']"
gastly,"['ghost', 'poison']",92,141,---,['Levitate'],"['Base Stats - Total: 310', '30', '35', '30', '100', '35', '80']"
haunter,"['ghost', 'poison']",93,142,---,['Levitate'],"['Base Stats - Total: 405', '45', '50', '45', '115', '55', '95']"
gengar,"['ghost', 'poison']",94,143,---,['Cursed Body'],"['Base Stats - Total: 500', '60', '65', '60', '130', '75', '110']"
onix,"['rock', 'ground']",95,178,---,"['Rock Head', 'Sturdy', 'Weak Armor']","['Base Stats - Total: 385', '35', '45', '160', '30', '45', '70']"
krabby,['water'],98,98,---,"['Hyper Cutter', 'Shell Armor', 'Sheer Force']","['Base Stats - Total: 325', '30', '105', '90', '25', '25', '50']"
kingler,"['water', 'water']",99,99,---,"['Hyper Cutter', 'Shell Armor', 'Sheer Force']","['Base Stats - Total: 475', '55', '130', '115', '50', '50', '75']"
exeggcute,"['grass', 'psychic']",102,---,205,"['Chlorophyll', 'Harvest']","['Base Stats - Total: 325', '60', '40', '80', '60', '45', '40']"
exeggutor,"['grass', 'psychic']",103,---,206,"['Chlorophyll', 'Harvest']","['Base Stats - Total: 530', '95', '95', '85', '125', '75', '55']"
exeggutor-A,"['grass', 'dragon']",103,---,206,"['Harvest', 'Frisk']","['Base Stats - Total: 530', '95', '105', '85', '125', '75', '45']"
cubone,['ground'],104,---,170,"['Rock Head', 'Lightning Rod', 'Battle Armor']","['Base Stats - Total: 320', '50', '50', '95', '40', '50', '35']"
marowak,['ground'],105,---,171,"['Rock Head', 'Lightning Rod', 'Battle Armor']","['Base Stats - Total: 425', '60', '80', '110', '50', '80', '45']"
marowak-A,['fire', 'ghost'],105,---,171,"['Rock Head', 'Lightning Rod', 'Cursed Body']","['Base Stats - Total: 425', '60', '80', '110', '50', '80', '45']"
hitmonlee,['fighting'],106,108,---,"['Limber', 'Reckless', 'Unburden']","['Base Stats - Total: 455', '50', '120', '53', '35', '110', '87']"
hitmonchan,['fighting'],107,109,---,"['Keen Eye', 'Iron Fist', 'Inner Focus']","['Base Stats - Total: 455', '50', '105', '79', '35', '110', '76']"
lickitung,['normal'],108,---,54,"['Own Tempo', 'Oblivious', 'Cloud Nine']","['Base Stats - Total: 385', '90', '55', '75', '60', '75', '30']"
koffing,['poison'],109,250,---,"['Levitate', 'Neutralizing Gas', 'Stench']","['Base Stats - Total: 340', '40', '65', '95', '60', '45', '35']"
weezing,['poison'],110,251,---,"['Levitate', 'Neutralizing Gas', 'Stench']","['Base Stats - Total: 490', '65', '90', '120', '85', '70', '60']"
weezing-G,['poison;, 'fairy'],110,251,---,"['Levitate', 'Neutralizing Gas', 'Misty Surge']","['Base Stats - Total: 490', '65', '90', '120', '85', '70', '60']"
rhyhorn,"['ground', 'rock']",111,264,183,"['Lightning Rod', 'Rock Head', 'Reckless']","['Base Stats - Total: 345', '80', '85', '95', '30', '30', '25']"
rhydon,"['ground', 'rock']",112,265,184,"['Lightning Rod', 'Rock Head', 'Reckless']","['Base Stats - Total: 485', '105', '130', '120', '45', '45', '40']"
chansey,['normal'],113,---,7,"['Natural Cure', 'Serene Grace', 'Healer']","['Base Stats - Total: 450', '250', '5', '5', '35', '105', '50']"
tangela,['grass'],114,---,80,"['Chlorophyll', 'Leaf Guard', 'Regenerator']","['Base Stats - Total: 435', '65', '55', '115', '100', '40', '60']"
kangaskhan,['normal'],115,---,172,"['Early Bird', 'Scrappy', 'Inner Focus']","['Base Stats - Total: 490', '105', '95', '80', '40', '80', '90']"
horsea,['water'],116,---,198,"['Swift Swim', 'Sniper', 'Damp']","['Base Stats - Total: 295', '30', '40', '70', '70', '25', '60']"
seadra,['water'],117,---,199,"['Poison Point', 'Sniper', 'Damp']","['Base Stats - Total: 440', '55', '65', '95', '95', '45', '85']"
goldeen,['water'],118,146,94,"['Swift Swim', 'Water Veil', 'Lightning Rod']","['Base Stats - Total: 320', '45', '67', '60', '35', '50', '63']"
seaking,['water'],119,147,95,"['Swift Swim', 'Water Veil', 'Lightning Rod']","['Base Stats - Total: 450', '80', '92', '65', '65', '80', '68']"
staryu,['water'],120,---,98,"['Illuminate', 'Natural Cure', 'Analytic']","['Base Stats - Total: 340', '30', '45', '55', '70', '55', '85']"
starmie,"['water', 'psychic']",121,---,99,"['Illuminate', 'Natural Cure', 'Analytic']","['Base Stats - Total: 520', '60', '75', '85', '100', '85', '115']"
mr.mime,"['fairy', 'psychic']",122,365,---,"['Soundproof', 'Filter', 'Technician', 'Vital Spirit', 'Screen Cleaner', 'Ice Body']","['Base Stats - Total: 460', '40', '45', '65', '100', '120', '90', 'Base Stats - Total: 460', '50', '65', '65', '90', '90', '100']"
scyther,"['bug', 'flying']",123,---,118,"['Swarm', 'Technician', 'Steadfast']","['Base Stats - Total: 500', '70', '110', '80', '55', '80', '105']"
pinsir,['bug'],127,---,120,"['Hyper Cutter', 'Mold Breaker', 'Moxie']","['Base Stats - Total: 500', '65', '125', '100', '55', '70', '85']"
tauros,['normal'],128,---,116,"['Intimidate', 'Anger Point', 'Sheer Force']","['Base Stats - Total: 490', '75', '100', '95', '40', '70', '110']"
magikarp,['water'],129,144,42,"['Swift Swim', 'Rattled']","['Base Stats - Total: 200', '20', '10', '55', '15', '20', '80']"
gyarados,"['water', 'flying']",130,145,43,"['Intimidate', 'Moxie']","['Base Stats - Total: 540', '95', '125', '79', '60', '100', '81']"
lapras,"['water', 'ice']",131,361,---,"['Water Absorb', 'Shell Armor', 'Hydration']","['Base Stats - Total: 535', '130', '85', '80', '85', '95', '60']"
ditto,['normal'],132,373,207,"['Limber', 'Imposter']","['Base Stats - Total: 288', '48', '48', '48', '48', '48', '48']"
eevee,"['normal', 'normal']",133,196,---,"['Run Away', 'Adaptability', 'Anticipation']","['Base Stats - Total: 325', '55', '55', '50', '45', '65', '55']"
vaporeon,['water'],134,197,---,"['Water Absorb', 'Hydration']","['Base Stats - Total: 525', '130', '65', '60', '110', '95', '65']"
jolteon,['electric'],135,198,---,"['Volt Absorb', 'Quick Feet']","['Base Stats - Total: 525', '65', '65', '60', '110', '95', '130']"
flareon,['fire'],136,199,---,"['Flash Fire', 'Guts']","['Base Stats - Total: 525', '65', '130', '60', '95', '110', '65']"
porygon,['normal'],137,---,208,"['Trace', 'Download', 'Analytic']","['Base Stats - Total: 395', '65', '60', '70', '85', '75', '40']"
snorlax,"['normal', 'normal']",143,261,---,"['Immunity', 'Thick Fat', 'Gluttony']","['Base Stats - Total: 540', '160', '110', '65', '65', '110', '30']"
articuno,['flying'],144,???,<td,"['Pressure', 'Snow Cloak', 'Competitive']",[]
zapdos,['flying'],145,???,<td,"['Pressure', 'Static', 'Defiant']",[]
moltres,['flying'],146,???,<td,"['Pressure', 'Flame Body', 'Berserk']",[]
mewtwo,['psychic'],150,---,---,"['Pressure', 'Unnerve']","['Base Stats - Total: 680', '106', '110', '90', '154', '90', '130']"
mew,['psychic'],151,---,---,['Synchronize'],"['Base Stats - Total: 600', '100', '100', '100', '100', '100', '100']"
hoothoot,"['normal', 'flying']",163,19,---,"['Insomnia', 'Keen Eye', 'Tinted Lens']","['Base Stats - Total: 262', '60', '30', '30', '36', '56', '50']"
noctowl,"['normal', 'flying']",164,20,---,"['Insomnia', 'Keen Eye', 'Tinted Lens']","['Base Stats - Total: 452', '100', '50', '50', '86', '96', '70']"
chinchou,"['water', 'electric']",170,220,188,"['Volt Absorb', 'Illuminate', 'Water Absorb']","['Base Stats - Total: 330', '75', '38', '38', '56', '56', '67']"
lanturn,"['water', 'electric']",171,221,189,"['Volt Absorb', 'Illuminate', 'Water Absorb']","['Base Stats - Total: 460', '125', '58', '58', '76', '76', '67']"
pichu,['electric'],172,193,84,"['Static', 'Lightning Rod']","['Base Stats - Total: 205', '20', '40', '15', '35', '35', '60']"
cleffa,['fairy'],173,254,---,"['Cute Charm', 'Magic Guard', 'Friend Guard']","['Base Stats - Total: 218', '50', '25', '28', '45', '55', '15']"
igglybuff,"['normal', 'fairy']",174,---,11,"['Cute Charm', 'Competitive', 'Friend Guard']","['Base Stats - Total: 210', '90', '30', '15', '40', '20', '15']"
togepi,['fairy'],175,257,---,"['Hustle', 'Serene Grace', 'Super Luck']","['Base Stats - Total: 245', '35', '20', '65', '40', '65', '20']"
togetic,"['fairy', 'flying']",176,258,---,"['Hustle', 'Serene Grace', 'Super Luck']","['Base Stats - Total: 405', '55', '40', '85', '80', '105', '40']"
natu,"['psychic', 'flying']",177,92,---,"['Synchronize', 'Early Bird', 'Magic Bounce']","['Base Stats - Total: 320', '40', '50', '45', '70', '45', '70']"
xatu,"['psychic', 'flying']",178,93,---,"['Synchronize', 'Early Bird', 'Magic Bounce']","['Base Stats - Total: 470', '65', '75', '70', '95', '70', '95']"
bellossom,['grass'],182,58,---,"['Chlorophyll', 'Healer']","['Base Stats - Total: 490', '75', '80', '95', '90', '100', '50']"
marill,"['water', 'fairy']",183,---,140,"['Thick Fat', 'Huge Power', 'Sap Sipper']","['Base Stats - Total: 250', '70', '20', '50', '20', '50', '40']"
azumarill,"['water', 'fairy']",184,---,141,"['Thick Fat', 'Huge Power', 'Sap Sipper']","['Base Stats - Total: 420', '100', '50', '80', '60', '80', '50']"
sudowoodo,['rock'],185,253,---,"['Sturdy', 'Rock Head', 'Rattled']","['Base Stats - Total: 410', '70', '100', '115', '30', '65', '30']"
politoed,['water'],186,---,145,"['Water Absorb', 'Damp', 'Drizzle']","['Base Stats - Total: 500', '90', '75', '75', '90', '100', '70']"
wooper,"['water', 'ground']",194,100,58,"['Damp', 'Water Absorb', 'Unaware']","['Base Stats - Total: 210', '55', '45', '45', '25', '25', '15']"
quagsire,"['water', 'ground']",195,101,59,"['Damp', 'Water Absorb', 'Unaware']","['Base Stats - Total: 430', '95', '85', '85', '65', '65', '35']"
espeon,['psychic'],196,200,---,"['Synchronize', 'Magic Bounce']","['Base Stats - Total: 525', '65', '65', '60', '130', '95', '110']"
umbreon,['dark'],197,201,---,"['Synchronize', 'Inner Focus']","['Base Stats - Total: 525', '95', '65', '110', '60', '130', '65']"
slowking,"['water', 'psychic']",199,---,3,"['Oblivious', 'Own Tempo', 'Regenerator']","['Base Stats - Total: 490', '95', '75', '80', '100', '110', '30']"
wobbuffet,['psychic'],202,217,---,"['Shadow Tag', 'Telepathy']","['Base Stats - Total: 405', '190', '33', '58', '33', '58', '33']"
dunsparce,['normal'],206,---,52,"['Serene Grace', 'Run Away', 'Rattled']","['Base Stats - Total: 415', '100', '70', '70', '65', '65', '45']"
steelix,"['steel', 'ground']",208,179,---,"['Rock Head', 'Sturdy', 'Sheer Force']","['Base Stats - Total: 510', '75', '85', '200', '55', '65', '30']"
qwilfish,"['water', 'poison']",211,304,---,"['Poison Point', 'Swift Swim', 'Intimidate']","['Base Stats - Total: 440', '65', '95', '85', '55', '55', '85']"
scizor,"['bug', 'steel']",212,---,119,"['Swarm', 'Technician', 'Light Metal']","['Base Stats - Total: 500', '70', '130', '100', '55', '80', '65']"
shuckle,"['bug', 'rock']",213,227,---,"['Sturdy', 'Gluttony', 'Contrary']","['Base Stats - Total: 505', '20', '10', '230', '10', '230', '5']"
heracross,"['bug', 'fighting']",214,---,121,"['Swarm', 'Guts', 'Moxie']","['Base Stats - Total: 500', '80', '125', '75', '40', '95', '85']"
sneasel,"['dark', 'ice']",215,292,---,"['Inner Focus', 'Keen Eye', 'Pickpocket']","['Base Stats - Total: 430', '55', '95', '55', '35', '75', '115']"
swinub,"['ice', 'ground']",220,75,---,"['Oblivious', 'Snow Cloak', 'Thick Fat']","['Base Stats - Total: 250', '50', '50', '40', '30', '30', '50']"
piloswine,"['ice', 'ground']",221,76,---,"['Oblivious', 'Snow Cloak', 'Thick Fat']","['Base Stats - Total: 450', '100', '100', '80', '60', '60', '50']"
corsola,['rock'],222,236,---,"['Hustle', 'Natural Cure', 'Regenerator', 'Weak Armor', 'Cursed Body']","['Base Stats - Total: 410', '65', '55', '95', '65', '95', '35', 'Base Stats - Total: 410', '60', '55', '100', '65', '100', '30']"
remoraid,['water'],223,148,44,"['Hustle', 'Sniper', 'Moody']","['Base Stats - Total: 300', '35', '65', '35', '65', '35', '65']"
octillery,['water'],224,149,45,"['Suction Cups', 'Sniper', 'Moody']","['Base Stats - Total: 480', '75', '105', '75', '105', '75', '45']"
delibird,"['ice', 'flying']",225,78,---,"['Vital Spirit', 'Hustle', 'Insomnia']","['Base Stats - Total: 330', '45', '55', '45', '65', '45', '75']"
mantine,"['water', 'flying']",226,355,47,"['Swift Swim', 'Water Absorb', 'Water Veil']","['Base Stats - Total: 485', '85', '40', '70', '80', '140', '70']"
skarmory,"['steel', 'flying']",227,---,153,"['Keen Eye', 'Sturdy', 'Weak Armor']","['Base Stats - Total: 465', '65', '80', '140', '40', '70', '70']"
kingdra,"['water', 'dragon']",230,---,200,"['Swift Swim', 'Sniper', 'Damp']","['Base Stats - Total: 540', '75', '95', '95', '95', '95', '85']"
porygon2,['normal'],233,---,209,"['Trace', 'Download', 'Analytic']","['Base Stats - Total: 515', '85', '80', '90', '105', '95', '60']"
tyrogue,['fighting'],236,107,---,"['Guts', 'Steadfast', 'Vital Spirit']","['Base Stats - Total: 210', '35', '35', '35', '35', '35', '35']"
hitmontop,['fighting'],237,110,---,"['Intimidate', 'Technician', 'Steadfast']","['Base Stats - Total: 455', '50', '95', '95', '35', '110', '70']"
miltank,['normal'],241,---,117,"['Thick Fat', 'Scrappy', 'Sap Sipper']","['Base Stats - Total: 490', '95', '80', '105', '40', '70', '100']"
blissey,['normal'],242,---,8,"['Natural Cure', 'Serene Grace', 'Healer']","['Base Stats - Total: 540', '255', '10', '10', '75', '135', '55']"
larvitar,"['rock', 'ground']",246,383,---,"['Guts', 'Sand Veil']","['Base Stats - Total: 300', '50', '64', '50', '45', '50', '41']"
pupitar,"['rock', 'ground']",247,384,---,['Shed Skin'],"['Base Stats - Total: 410', '70', '84', '70', '65', '70', '51']"
tyranitar,"['rock', 'dark']",248,385,---,"['Sand Stream', 'Unnerve']","['Base Stats - Total: 600', '100', '134', '110', '95', '100', '61']"
celebi,"['psychic', 'grass']",251,---,---,['Natural Cure'],"['Base Stats - Total: 600', '100', '100', '100', '100', '100', '100']"
zigzagoon,['normal'],263,31,---,"['Pickup', 'Gluttony', 'Quick Feet']","['Base Stats - Total: 240', '38', '30', '41', '30', '41', '60', 'Base Stats - Total: 240', '38', '30', '41', '30', '41', '60']"
linoone,['normal'],264,32,---,"['Pickup', 'Gluttony', 'Quick Feet']","['Base Stats - Total: 420', '78', '70', '61', '50', '61', '100', 'Base Stats - Total: 420', '78', '70', '61', '50', '61', '100']"
lotad,"['water', 'grass']",270,36,---,"['Swift Swim', 'Rain Dish', 'Own Tempo']","['Base Stats - Total: 220', '40', '30', '30', '40', '50', '30']"
lombre,"['water', 'grass']",271,37,---,"['Swift Swim', 'Rain Dish', 'Own Tempo']","['Base Stats - Total: 340', '60', '50', '50', '60', '70', '50']"
ludicolo,"['water', 'grass']",272,38,---,"['Swift Swim', 'Rain Dish', 'Own Tempo']","['Base Stats - Total: 480', '80', '70', '70', '90', '100', '70']"
seedot,['grass'],273,39,---,"['Chlorophyll', 'Early Bird', 'Pickpocket']","['Base Stats - Total: 220', '40', '40', '50', '30', '30', '30']"
nuzleaf,"['grass', 'dark']",274,40,---,"['Chlorophyll', 'Early Bird', 'Pickpocket']","['Base Stats - Total: 340', '70', '70', '40', '60', '40', '60']"
shiftry,"['grass', 'dark']",275,41,---,"['Chlorophyll', 'Early Bird', 'Pickpocket']","['Base Stats - Total: 480', '90', '100', '60', '90', '60', '80']"
wingull,"['water', 'flying']",278,62,48,"['Keen Eye', 'Hydration', 'Rain Dish']","['Base Stats - Total: 270', '40', '30', '30', '55', '30', '85']"
pelipper,"['water', 'flying']",279,63,49,"['Keen Eye', 'Drizzle', 'Rain Dish']","['Base Stats - Total: 440', '60', '50', '100', '95', '70', '65']"
ralts,"['psychic', 'fairy']",280,120,34,"['Synchronize', 'Trace', 'Telepathy']","['Base Stats - Total: 198', '28', '25', '25', '45', '35', '40']"
kirlia,"['psychic', 'fairy']",281,121,35,"['Synchronize', 'Trace', 'Telepathy']","['Base Stats - Total: 278', '38', '35', '35', '65', '55', '50']"
gardevoir,"['psychic', 'fairy']",282,122,36,"['Synchronize', 'Trace', 'Telepathy']","['Base Stats - Total: 518', '68', '65', '65', '125', '115', '80']"
nincada,"['bug', 'ground']",290,104,---,"['Compoundeyes', 'Run Away']","['Base Stats - Total: 266', '31', '45', '90', '30', '30', '40']"
ninjask,"['bug', 'flying']",291,105,---,"['Speed Boost', 'Infiltrator']","['Base Stats - Total: 456', '61', '90', '45', '50', '50', '160']"
shedinja,"['bug', 'ghost']",292,106,---,['Wonder Guard'],"['Base Stats - Total: 236', '1', '90', '45', '30', '30', '40']"
whismur,['normal'],293,---,148,"['Soundproof', 'Rattled']","['Base Stats - Total: 240', '64', '51', '23', '51', '23', '28']"
loudred,['normal'],294,---,149,"['Soundproof', 'Scrappy']","['Base Stats - Total: 360', '84', '71', '43', '71', '43', '48']"
exploud,['normal'],295,---,150,"['Soundproof', 'Scrappy']","['Base Stats - Total: 490', '104', '91', '63', '91', '73', '68']"
azurill,"['normal', 'fairy']",298,---,139,"['Thick Fat', 'Huge Power', 'Sap Sipper']","['Base Stats - Total: 190', '50', '20', '40', '20', '40', '20']"
sableye,"['dark', 'ghost']",302,294,---,"['Keen Eye', 'Stall', 'Prankster']","['Base Stats - Total: 380', '50', '75', '75', '65', '65', '50']"
mawile,"['steel', 'fairy']",303,295,---,"['Hyper Cutter', 'Intimidate', 'Sheer Force']","['Base Stats - Total: 380', '50', '85', '85', '55', '55', '50']"
electrike,['electric'],309,66,---,"['Static', 'Lightning Rod', 'Minus']","['Base Stats - Total: 295', '40', '45', '40', '65', '40', '65']"
manectric,['electric'],310,67,---,"['Static', 'Lightning Rod', 'Minus']","['Base Stats - Total: 475', '70', '75', '60', '105', '60', '105']"
roselia,"['grass', 'poison']",315,60,---,"['Natural Cure', 'Poison Point', 'Leaf Guard']","['Base Stats - Total: 400', '50', '60', '45', '100', '80', '65']"
carvanha,"['water', 'dark']",318,---,111,"['Rough Skin', 'Speed Boost']","['Base Stats - Total: 305', '45', '90', '20', '65', '20', '65']"
sharpedo,"['water', 'dark']",319,---,112,"['Rough Skin', 'Speed Boost']","['Base Stats - Total: 460', '70', '120', '40', '95', '40', '95']"
wailmer,['water'],320,356,190,"['Water Veil', 'Oblivious', 'Pressure']","['Base Stats - Total: 400', '130', '70', '35', '70', '35', '60']"
wailord,['water'],321,357,191,"['Water Veil', 'Oblivious', 'Pressure']","['Base Stats - Total: 500', '170', '90', '45', '90', '45', '60']"
torkoal,['fire'],324,300,173,"['White Smoke', 'Drought', 'Shell Armor']","['Base Stats - Total: 470', '70', '85', '140', '85', '70', '20']"
trapinch,['ground'],328,321,---,"['Hyper Cutter', 'Arena Trap', 'Sheer Force']","['Base Stats - Total: 290', '45', '100', '45', '45', '45', '10']"
vibrava,"['ground', 'dragon']",329,322,---,['Levitate'],"['Base Stats - Total: 340', '50', '70', '50', '50', '50', '70']"
flygon,"['ground', 'dragon']",330,323,---,['Levitate'],"['Base Stats - Total: 520', '80', '100', '80', '80', '80', '100']"
lunatone,"['rock', 'psychic']",337,362,---,['Levitate'],"['Base Stats - Total: 460', '90', '55', '65', '95', '85', '70']"
solrock,"['rock', 'psychic']",338,363,---,['Levitate'],"['Base Stats - Total: 460', '90', '95', '85', '55', '65', '70']"
barboach,"['water', 'ground']",339,228,137,"['Oblivious', 'Anticipation', 'Hydration']","['Base Stats - Total: 288', '50', '48', '43', '46', '41', '60']"
whiscash,"['water', 'ground']",340,229,138,"['Oblivious', 'Anticipation', 'Hydration']","['Base Stats - Total: 468', '110', '78', '73', '76', '71', '60']"
corphish,['water'],341,102,91,"['Hyper Cutter', 'Shell Armor', 'Adaptability']","['Base Stats - Total: 308', '43', '80', '65', '50', '35', '35']"
crawdaunt,"['water', 'dark']",342,103,92,"['Hyper Cutter', 'Shell Armor', 'Adaptability']","['Base Stats - Total: 468', '63', '120', '85', '90', '55', '55']"
baltoy,"['ground', 'psychic']",343,82,---,['Levitate'],"['Base Stats - Total: 300', '40', '40', '55', '40', '70', '55']"
claydol,"['ground', 'psychic']",344,83,---,['Levitate'],"['Base Stats - Total: 500', '60', '70', '105', '70', '120', '75']"
feebas,['water'],349,152,---,"['Swift Swim', 'Oblivious', 'Adaptability']","['Base Stats - Total: 200', '20', '15', '20', '10', '55', '80']"
milotic,['water'],350,153,---,"['Marvel Scale', 'Competitive', 'Cute Charm']","['Base Stats - Total: 540', '95', '60', '79', '100', '125', '81']"
duskull,['ghost'],355,135,---,"['Levitate', 'Frisk']","['Base Stats - Total: 295', '20', '40', '90', '30', '90', '25']"
dusclops,['ghost'],356,136,---,"['Pressure', 'Frisk']","['Base Stats - Total: 455', '40', '70', '130', '60', '130', '25']"
wynaut,['psychic'],360,216,---,"['Shadow Tag', 'Telepathy']","['Base Stats - Total: 260', '95', '23', '48', '23', '48', '23']"
snorunt,['ice'],361,79,---,"['Inner Focus', 'Ice Body', 'Moody']","['Base Stats - Total: 300', '50', '50', '50', '50', '50', '50']"
glalie,['ice'],362,80,---,"['Inner Focus', 'Ice Body', 'Moody']","['Base Stats - Total: 480', '80', '80', '80', '80', '80', '80']"
jirachi,"['steel', 'psychic']",385,---,---,['Serene Grace'],"['Base Stats - Total: 600', '100', '100', '100', '100', '100', '100']"
shinx,['electric'],403,---,25,"['Rivalry', 'Intimidate', 'Guts']","['Base Stats - Total: 263', '45', '65', '34', '40', '34', '45']"
luxio,['electric'],404,---,26,"['Rivalry', 'Intimidate', 'Guts']","['Base Stats - Total: 363', '60', '85', '49', '60', '49', '60']"
luxray,['electric'],405,---,27,"['Rivalry', 'Intimidate', 'Guts']","['Base Stats - Total: 523', '80', '120', '79', '95', '79', '70']"
budew,"['grass', 'poison']",406,59,---,"['Natural Cure', 'Poison Point', 'Leaf Guard']","['Base Stats - Total: 280', '40', '30', '35', '50', '70', '55']"
roserade,"['grass', 'poison']",407,61,---,"['Natural Cure', 'Poison Point', 'Technician']","['Base Stats - Total: 515', '60', '70', '65', '125', '105', '90']"
combee,"['bug', 'flying']",415,116,203,"['Honey Gather', 'Hustle']","['Base Stats - Total: 244', '30', '30', '42', '30', '42', '70']"
vespiquen,"['bug', 'flying']",416,117,204,"['Pressure', 'Unnerve']","['Base Stats - Total: 474', '70', '80', '102', '80', '102', '40']"
cherubi,['grass'],420,128,---,['Chlorophyll'],"['Base Stats - Total: 275', '45', '35', '45', '62', '53', '35']"
cherrim,['grass'],421,129,---,['Flower Gift'],"['Base Stats - Total: 450', '70', '60', '70', '87', '78', '85']"
shellos,['water'],422,230,---,"['Sticky Hold', 'Storm Drain', 'Sand Force']","['Base Stats - Total: 325', '76', '48', '48', '57', '62', '34']"
gastrodon,"['water', 'ground']",423,231,---,"['Sticky Hold', 'Storm Drain', 'Sand Force']","['Base Stats - Total: 475', '111', '83', '68', '92', '82', '39']"
drifloon,"['ghost', 'flying']",425,124,135,"['Aftermath', 'Unburden', 'Flare Boost']","['Base Stats - Total: 348', '90', '50', '34', '60', '44', '70']"
drifblim,"['ghost', 'flying']",426,125,136,"['Aftermath', 'Unburden', 'Flare Boost']","['Base Stats - Total: 498', '150', '80', '44', '90', '54', '80']"
buneary,['normal'],427,---,4,"['Run Away', 'Klutz', 'Limber']","['Base Stats - Total: 350', '55', '66', '44', '44', '56', '85']"
lopunny,['normal'],428,---,5,"['Cute Charm', 'Klutz', 'Limber']","['Base Stats - Total: 480', '65', '76', '84', '54', '96', '105']"
stunky,"['poison', 'dark']",434,130,---,"['Stench', 'Aftermath', 'Keen Eye']","['Base Stats - Total: 329', '63', '63', '47', '41', '41', '74']"
skuntank,"['poison', 'dark']",435,131,---,"['Stench', 'Aftermath', 'Keen Eye']","['Base Stats - Total: 479', '103', '93', '67', '71', '61', '84']"
bronzor,"['steel', 'psychic']",436,118,---,"['Levitate', 'Heatproof', 'Heavy Metal']","['Base Stats - Total: 300', '57', '24', '86', '24', '86', '23']"
bronzong,"['steel', 'psychic']",437,119,---,"['Levitate', 'Heatproof', 'Heavy Metal']","['Base Stats - Total: 500', '67', '89', '116', '79', '116', '33']"
bonsly,['rock'],438,252,---,"['Sturdy', 'Rock Head', 'Rattled']","['Base Stats - Total: 290', '50', '80', '95', '10', '45', '10']"
mimejr.,"['psychic', 'fairy']",439,364,---,"['Soundproof', 'Filter', 'Technician']","['Base Stats - Total: 310', '20', '25', '45', '70', '90', '60']"
happiny,['normal'],440,---,6,"['Natural Cure', 'Serene Grace', 'Friend Guard']","['Base Stats - Total: 220', '100', '5', '5', '15', '65', '30']"
munchlax,['normal'],446,260,---,"['Pickup', 'Thick Fat', 'Gluttony']","['Base Stats - Total: 390', '135', '85', '40', '40', '85', '5']"
riolu,['fighting'],447,298,---,"['Steadfast', 'Inner Focus', 'Prankster']","['Base Stats - Total: 285', '40', '70', '40', '35', '40', '60']"
lucario,"['fighting', 'steel']",448,299,---,"['Steadfast', 'Inner Focus', 'Justified']","['Base Stats - Total: 525', '70', '110', '70', '115', '70', '90']"
hippopotas,['ground'],449,314,---,"['Sand Stream', 'Sand Force']","['Base Stats - Total: 330', '68', '72', '78', '38', '42', '32']"
hippowdon,['ground'],450,315,---,"['Sand Stream', 'Sand Force']","['Base Stats - Total: 525', '108', '112', '118', '68', '72', '47']"
skorupi,"['poison', 'bug']",451,285,50,"['Battle Armor', 'Sniper', 'Keen Eye']","['Base Stats - Total: 330', '40', '50', '90', '30', '55', '65']"
drapion,"['poison', 'dark']",452,286,51,"['Battle Armor', 'Sniper', 'Keen Eye']","['Base Stats - Total: 500', '70', '90', '110', '60', '75', '95']"
croagunk,"['poison', 'fighting']",453,222,82,"['Anticipation', 'Dry Skin', 'Poison Touch']","['Base Stats - Total: 300', '48', '61', '40', '61', '40', '50']"
toxicroak,"['poison', 'fighting']",454,223,83,"['Anticipation', 'Dry Skin', 'Poison Touch']","['Base Stats - Total: 490', '83', '106', '65', '86', '65', '85']"
mantyke,"['water', 'flying']",458,354,46,"['Swift Swim', 'Water Absorb', 'Water Veil']","['Base Stats - Total: 345', '45', '20', '50', '60', '120', '50']"
snover,"['grass', 'ice']",459,96,---,"['Snow Warning', 'Soundproof']","['Base Stats - Total: 334', '60', '62', '50', '62', '60', '40']"
abomasnow,"['grass', 'ice']",460,97,---,"['Snow Warning', 'Soundproof']","['Base Stats - Total: 494', '90', '92', '75', '92', '85', '60']"
weavile,"['dark', 'ice']",461,293,---,"['Pressure', 'Pickpocket']","['Base Stats - Total: 510', '70', '120', '65', '45', '85', '125']"
magnezone,"['electric', 'steel']",462,---,107,"['Magnet Pull', 'Sturdy', 'Analytic']","['Base Stats - Total: 535', '70', '70', '115', '130', '90', '60']"
lickilicky,['normal'],463,---,55,"['Own Tempo', 'Oblivious', 'Cloud Nine']","['Base Stats - Total: 515', '110', '85', '95', '80', '95', '50']"
rhyperior,"['ground', 'rock']",464,266,185,"['Lightning Rod', 'Solid Rock', 'Reckless']","['Base Stats - Total: 535', '115', '140', '130', '55', '55', '40']"
tangrowth,['grass'],465,---,81,"['Chlorophyll', 'Leaf Guard', 'Regenerator']","['Base Stats - Total: 535', '100', '100', '125', '110', '50', '50']"
togekiss,"['fairy', 'flying']",468,259,---,"['Hustle', 'Serene Grace', 'Super Luck']","['Base Stats - Total: 545', '85', '50', '95', '120', '115', '80']"
leafeon,['grass'],470,202,---,"['Leaf Guard', 'Chlorophyll']","['Base Stats - Total: 525', '65', '110', '130', '60', '65', '95']"
glaceon,['ice'],471,203,---,"['Snow Cloak', 'Ice Body']","['Base Stats - Total: 525', '65', '60', '110', '130', '95', '65']"
mamoswine,"['ice', 'ground']",473,77,---,"['Oblivious', 'Snow Cloak', 'Thick Fat']","['Base Stats - Total: 530', '110', '130', '80', '70', '60', '80']"
porygon-z,['normal'],474,---,210,"['Adaptability', 'Download', 'Analytic']","['Base Stats - Total: 535', '85', '80', '70', '135', '75', '90']"
gallade,"['psychic', 'fighting']",475,123,37,"['Steadfast', 'Justified']","['Base Stats - Total: 518', '68', '125', '65', '65', '115', '80']"
dusknoir,['ghost'],477,137,---,"['Pressure', 'Frisk']","['Base Stats - Total: 525', '45', '100', '135', '65', '135', '45']"
froslass,"['ice', 'ghost']",478,81,---,"['Snow Cloak', 'Cursed Body']","['Base Stats - Total: 480', '70', '80', '70', '80', '70', '110']"
rotom,"['electric', 'ghost']",479,372,---,['Levitate'],"['Base Stats - Total: 440', '50', '50', '77', '95', '77', '91', 'Base Stats - Total: 520', '50', '65', '107', '105', '107', '86']"
lillipup,['normal'],506,---,113,"['Vital Spirit', 'Pickup', 'Run Away']","['Base Stats - Total: 275', '45', '60', '45', '25', '45', '55']"
herdier,['normal'],507,---,114,"['Intimidate', 'Sand Rush', 'Scrappy']","['Base Stats - Total: 370', '65', '80', '65', '35', '65', '60']"
stoutland,['normal'],508,---,115,"['Intimidate', 'Sand Rush', 'Scrappy']","['Base Stats - Total: 500', '85', '110', '90', '45', '90', '80']"
purrloin,['dark'],509,44,---,"['Limber', 'Unburden', 'Prankster']","['Base Stats - Total: 281', '41', '50', '37', '50', '37', '66']"
liepard,['dark'],510,45,---,"['Limber', 'Unburden', 'Prankster']","['Base Stats - Total: 446', '64', '88', '50', '88', '50', '106']"
munna,['psychic'],517,90,---,"['Forewarn', 'Synchronize', 'Telepathy']","['Base Stats - Total: 292', '76', '25', '45', '67', '55', '24']"
musharna,['psychic'],518,91,---,"['Forewarn', 'Synchronize', 'Telepathy']","['Base Stats - Total: 487', '116', '55', '85', '107', '95', '29']"
pidove,"['normal', 'flying']",519,26,---,"['Big Pecks', 'Super Luck', 'Rivalry']","['Base Stats - Total: 264', '50', '55', '50', '36', '30', '43']"
tranquill,"['normal', 'flying']",520,27,---,"['Big Pecks', 'Super Luck', 'Rivalry']","['Base Stats - Total: 358', '62', '77', '62', '50', '42', '65']"
unfezant,"['normal', 'flying']",521,28,---,"['Big Pecks', 'Super Luck', 'Rivalry']","['Base Stats - Total: 488', '80', '115', '80', '65', '55', '93']"
roggenrola,['rock'],524,168,154,"['Sturdy', 'Weak Armor', 'Sand Force']","['Base Stats - Total: 280', '55', '75', '85', '25', '25', '15']"
boldore,['rock'],525,169,155,"['Sturdy', 'Weak Armor', 'Sand Force']","['Base Stats - Total: 390', '70', '105', '105', '50', '40', '20']"
gigalith,['rock'],526,170,156,"['Sturdy', 'Sand Stream', 'Sand Force']","['Base Stats - Total: 515', '85', '135', '130', '60', '80', '25']"
woobat,"['psychic', 'flying']",527,174,151,"['Unaware', 'Klutz', 'Simple']","['Base Stats - Total: 323', '65', '45', '43', '55', '43', '72']"
swoobat,"['psychic', 'flying']",528,175,152,"['Unaware', 'Klutz', 'Simple']","['Base Stats - Total: 425', '67', '57', '55', '77', '55', '114']"
drilbur,['ground'],529,166,---,"['Sand Rush', 'Sand Force', 'Mold Breaker']","['Base Stats - Total: 328', '60', '85', '40', '30', '45', '68']"
excadrill,"['ground', 'steel']",530,167,---,"['Sand Rush', 'Sand Force', 'Mold Breaker']","['Base Stats - Total: 508', '110', '135', '60', '50', '65', '88']"
timburr,['fighting'],532,171,---,"['Guts', 'Sheer Force', 'Iron Fist']","['Base Stats - Total: 305', '75', '80', '55', '25', '35', '35']"
gurdurr,['fighting'],533,172,---,"['Guts', 'Sheer Force', 'Iron Fist']","['Base Stats - Total: 405', '85', '105', '85', '40', '50', '40']"
conkeldurr,['fighting'],534,173,---,"['Guts', 'Sheer Force', 'Iron Fist']","['Base Stats - Total: 505', '105', '140', '95', '55', '65', '45']"
tympole,['water'],535,132,---,"['Swift Swim', 'Hydration', 'Water Absorb']","['Base Stats - Total: 294', '50', '50', '40', '50', '40', '64']"
palpitoad,"['water', 'ground']",536,133,---,"['Swift Swim', 'Hydration', 'Water Absorb']","['Base Stats - Total: 384', '75', '65', '55', '65', '55', '69']"
seismitoad,"['water', 'ground']",537,134,---,"['Swift Swim', 'Poison Touch', 'Water Absorb']","['Base Stats - Total: 509', '105', '95', '75', '85', '75', '74']"
throh,['fighting'],538,248,---,"['Guts', 'Inner Focus', 'Mold Breaker']","['Base Stats - Total: 465', '120', '100', '85', '30', '85', '45']"
sawk,['fighting'],539,249,---,"['Sturdy', 'Inner Focus', 'Mold Breaker']","['Base Stats - Total: 465', '75', '125', '75', '30', '75', '85']"
venipede,"['bug', 'poison']",543,---,74,"['Poison Point', 'Swarm', 'Speed Boost']","['Base Stats - Total: 260', '30', '45', '59', '30', '39', '57']"
whirlipede,"['bug', 'poison']",544,---,75,"['Poison Point', 'Swarm', 'Speed Boost']","['Base Stats - Total: 360', '40', '55', '99', '40', '79', '47']"
scolipede,"['bug', 'poison']",545,---,76,"['Poison Point', 'Swarm', 'Speed Boost']","['Base Stats - Total: 485', '60', '100', '89', '55', '69', '112']"
cottonee,"['grass', 'fairy']",546,262,---,"['Prankster', 'Infiltrator', 'Chlorophyll']","['Base Stats - Total: 280', '40', '27', '60', '37', '50', '66']"
whimsicott,"['grass', 'fairy']",547,263,---,"['Prankster', 'Infiltrator', 'Chlorophyll']","['Base Stats - Total: 480', '60', '67', '85', '77', '75', '116']"
petilil,['grass'],548,---,201,"['Chlorophyll', 'Own Tempo', 'Leaf Guard']","['Base Stats - Total: 280', '45', '35', '50', '70', '50', '30']"
lilligant,['grass'],549,---,202,"['Chlorophyll', 'Own Tempo', 'Leaf Guard']","['Base Stats - Total: 480', '70', '60', '75', '110', '75', '90']"
basculin,['water'],550,154,---,"['Reckless', 'Rock Head', 'Adaptability', 'Mold Breaker']","['Base Stats - Total: 460', '70', '92', '65', '80', '55', '98']"
sandile,"['ground', 'dark']",551,---,176,"['Intimidate', 'Moxie', 'Anger Point']","['Base Stats - Total: 292', '50', '72', '35', '35', '35', '65']"
krokorok,"['ground', 'dark']",552,---,177,"['Intimidate', 'Moxie', 'Anger Point']","['Base Stats - Total: 351', '60', '82', '45', '45', '45', '74']"
krookodile,"['ground', 'dark']",553,---,178,"['Intimidate', 'Moxie', 'Anger Point']","['Base Stats - Total: 519', '95', '117', '80', '65', '70', '92']"
darumaka,[],554,367,---,"['Hustle', 'Inner Focus']","['Base Stats - Total: 315', '70', '90', '45', '15', '45', '50', 'Base Stats - Total: 315', '70', '90', '45', '15', '45', '50']"
darmanitan,"['fire', 'fire']",555,368,---,"['Sheer Force', 'Zen Mode', 'Gorilla Tactics']","['Base Stats - Total: 480', '105', '140', '55', '30', '55', '95', 'Base Stats - Total: 540', '105', '30', '105', '140', '105', '55', 'Base Stats - Total: 480', '105', '140', '55', '30', '55', '95', 'Base Stats - Total: 540', '105', '160', '55', '30', '55', '135']"
maractus,['grass'],556,296,---,"['Water Absorb', 'Chlorophyll', 'Storm Drain']","['Base Stats - Total: 461', '75', '86', '67', '106', '67', '60']"
dwebble,"['bug', 'rock']",557,86,122,"['Sturdy', 'Shell Armor', 'Weak Armor']","['Base Stats - Total: 325', '50', '65', '85', '35', '35', '55']"
crustle,"['bug', 'rock']",558,87,123,"['Sturdy', 'Shell Armor', 'Weak Armor']","['Base Stats - Total: 485', '70', '105', '125', '65', '75', '45']"
scraggy,"['dark', 'fighting']",559,224,161,"['Shed Skin', 'Moxie', 'Intimidate']","['Base Stats - Total: 348', '50', '75', '70', '35', '70', '48']"
scrafty,"['dark', 'fighting']",560,225,162,"['Shed Skin', 'Moxie', 'Intimidate']","['Base Stats - Total: 488', '65', '90', '115', '45', '115', '58']"
sigilyph,"['psychic', 'flying']",561,297,---,"['Wonder Skin ', 'Magic Guard', 'Tinted Lens']","['Base Stats - Total: 490', '72', '58', '80', '103', '80', '97']"
yamask,['ghost'],562,327,---,"['Mummy', 'Wandering Spirit']","['Base Stats - Total: 303', '38', '30', '85', '55', '65', '30', 'Base Stats - Total: 303', '38', '55', '85', '30', '65', '30']"
cofagrigus,['ghost'],563,329,---,['Mummy'],"['Base Stats - Total: 483', '58', '50', '145', '95', '105', '30']"
trubbish,['poison'],568,157,---,"['Stench', 'Sticky Hold', 'Aftermath']","['Base Stats - Total: 329', '50', '50', '62', '40', '62', '65']"
garbodor,"['poison', 'poison']",569,158,---,"['Stench', 'Weak Armor', 'Aftermath']","['Base Stats - Total: 474', '80', '95', '82', '60', '82', '75']"
zorua,['dark'],570,---,87,['Illusion'],"['Base Stats - Total: 330', '40', '65', '40', '80', '40', '65']"
zoroark,['dark'],571,---,88,['Illusion'],"['Base Stats - Total: 510', '60', '105', '60', '120', '60', '105']"
minccino,['normal'],572,50,---,"['Cute Charm', 'Technician', 'Skill Link']","['Base Stats - Total: 300', '55', '50', '40', '40', '40', '75']"
cinccino,['normal'],573,51,---,"['Cute Charm', 'Technician', 'Skill Link']","['Base Stats - Total: 470', '75', '95', '60', '65', '60', '115']"
gothita,['psychic'],574,267,---,"['Frisk', 'Competitive', 'Shadow Tag']","['Base Stats - Total: 290', '45', '30', '50', '55', '65', '45']"
gothorita,['psychic'],575,268,---,"['Frisk', 'Competitive', 'Shadow Tag']","['Base Stats - Total: 390', '60', '45', '70', '75', '85', '55']"
gothitelle,['psychic'],576,269,---,"['Frisk', 'Competitive', 'Shadow Tag']","['Base Stats - Total: 490', '70', '55', '95', '95', '110', '65']"
solosis,['psychic'],577,270,---,"['Overcoat', 'Magic Guard', 'Regenerator']","['Base Stats - Total: 290', '45', '30', '40', '105', '50', '20']"
duosion,['psychic'],578,271,---,"['Overcoat', 'Magic Guard', 'Regenerator']","['Base Stats - Total: 370', '65', '40', '50', '125', '60', '30']"
reuniclus,['psychic'],579,272,---,"['Overcoat', 'Magic Guard', 'Regenerator']","['Base Stats - Total: 490', '110', '65', '75', '125', '85', '30']"
vanillite,['ice'],582,72,---,"['Ice Body', 'Snow Cloak', 'Weak Armor']","['Base Stats - Total: 305', '36', '50', '50', '65', '60', '44']"
vanillish,['ice'],583,73,---,"['Ice Body', 'Snow Cloak', 'Weak Armor']","['Base Stats - Total: 395', '51', '65', '65', '80', '75', '59']"
vanilluxe,['ice'],584,74,---,"['Ice Body', 'Snow Warning', 'Weak Armor']","['Base Stats - Total: 535', '71', '95', '85', '110', '95', '79']"
emolga,"['electric', 'flying']",587,---,102,"['Static', 'Motor Drive']","['Base Stats - Total: 428', '55', '75', '60', '75', '60', '103']"
karrablast,['bug'],588,273,66,"['Swarm', 'Shed Skin', 'No Guard']","['Base Stats - Total: 315', '50', '75', '45', '40', '45', '60']"
escavalier,"['bug', 'steel']",589,274,67,"['Swarm', 'Shell Armor', 'Overcoat']","['Base Stats - Total: 495', '70', '135', '105', '60', '105', '20']"
foongus,"['grass', 'poison']",590,---,77,"['Effect Spore', 'Regenerator']","['Base Stats - Total: 294', '69', '55', '45', '55', '55', '15']"
amoonguss,"['grass', 'poison']",591,---,78,"['Effect Spore', 'Regenerator']","['Base Stats - Total: 464', '114', '85', '70', '85', '80', '30']"
frillish,"['water', 'ghost']",592,305,192,"['Water Absorb', 'Cursed Body', 'Damp']","['Base Stats - Total: 335', '55', '40', '50', '65', '85', '40']"
jellicent,"['water', 'ghost']",593,306,193,"['Water Absorb', 'Cursed Body', 'Damp']","['Base Stats - Total: 480', '100', '60', '70', '85', '105', '60']"
joltik,"['bug', 'electric']",595,64,---,"['Compoundeyes', 'Unnerve', 'Swarm']","['Base Stats - Total: 319', '50', '47', '50', '57', '50', '65']"
galvantula,"['bug', 'electric']",596,65,---,"['Compoundeyes', 'Unnerve', 'Swarm']","['Base Stats - Total: 472', '70', '77', '60', '97', '60', '108']"
ferroseed,"['grass', 'steel']",597,189,---,['Iron Barbs'],"['Base Stats - Total: 305', '44', '50', '91', '24', '86', '10']"
ferrothorn,"['grass', 'steel']",598,190,---,"['Iron Barbs', 'Anticipation']","['Base Stats - Total: 489', '74', '94', '131', '54', '116', '20']"
klink,['steel'],599,113,---,"['Plus', 'Minus', 'Clear Body']","['Base Stats - Total: 300', '40', '55', '70', '45', '60', '30']"
klang,['steel'],600,114,---,"['Plus', 'Minus', 'Clear Body']","['Base Stats - Total: 440', '60', '80', '95', '70', '85', '50']"
klinklang,['steel'],601,115,---,"['Plus', 'Minus', 'Clear Body']","['Base Stats - Total: 520', '60', '100', '115', '70', '85', '90']"
elgyem,['psychic'],605,277,---,"['Telepathy', 'Synchronize', 'Analytic']","['Base Stats - Total: 335', '55', '55', '55', '85', '55', '30']"
beheeyem,['psychic'],606,278,---,"['Telepathy', 'Synchronize', 'Analytic']","['Base Stats - Total: 485', '75', '75', '75', '125', '95', '40']"
litwick,"['ghost', 'fire']",607,287,---,"['Flash Fire', 'Flame Body', 'Infiltrator']","['Base Stats - Total: 275', '50', '30', '55', '65', '55', '20']"
lampent,"['ghost', 'fire']",608,288,---,"['Flash Fire', 'Flame Body', 'Infiltrator']","['Base Stats - Total: 370', '60', '40', '60', '95', '60', '55']"
chandelure,"['ghost', 'fire']",609,289,---,"['Flash Fire', 'Flame Body', 'Infiltrator']","['Base Stats - Total: 520', '60', '55', '90', '145', '90', '80']"
axew,['dragon'],610,324,---,"['Rivalry', 'Mold Breaker', 'Unnerve']","['Base Stats - Total: 320', '46', '87', '60', '30', '40', '57']"
fraxure,['dragon'],611,325,---,"['Rivalry', 'Mold Breaker', 'Unnerve']","['Base Stats - Total: 410', '66', '117', '70', '40', '50', '67']"
haxorus,['dragon'],612,326,---,"['Rivalry', 'Mold Breaker', 'Unnerve']","['Base Stats - Total: 540', '76', '147', '90', '60', '70', '97']"
cubchoo,['ice'],613,279,---,"['Snow Cloak', 'Slush Rush', 'Rattled']","['Base Stats - Total: 305', '55', '70', '40', '60', '40', '40']"
beartic,['ice'],614,280,---,"['Snow Cloak', 'Slush Rush', 'Swift Swim']","['Base Stats - Total: 505', '95', '130', '80', '70', '80', '50']"
shelmet,['bug'],616,275,64,"['Hydration', 'Shell Armor', 'Overcoat']","['Base Stats - Total: 305', '50', '40', '85', '40', '65', '25']"
accelgor,['bug'],617,276,65,"['Hydration', 'Sticky Hold', 'Unburden']","['Base Stats - Total: 495', '80', '70', '40', '100', '60', '145']"
stunfisk,"['electric', 'steel']",618,226,---,"['Static', 'Limber', 'Sand Veil', 'Mimicry']","['Base Stats - Total: 471', '109', '66', '84', '81', '99', '32', 'Base Stats - Total: 471', '109', '81', '99', '66', '84', '32']"
mienfoo,['fighting'],619,---,163,"['Inner Focus', 'Regenerator', 'Reckless']","['Base Stats - Total: 350', '45', '85', '50', '55', '50', '65']"
mienshao,['fighting'],620,---,164,"['Inner Focus', 'Regenerator', 'Reckless']","['Base Stats - Total: 510', '65', '125', '60', '95', '60', '105']"
druddigon,['dragon'],621,---,63,"['Rough Skin', 'Sheer Force', 'Mold Breaker']","['Base Stats - Total: 485', '77', '120', '90', '60', '90', '48']"
golett,"['ground', 'ghost']",622,88,---,"['Iron Fist', 'Klutz', 'No Guard']","['Base Stats - Total: 303', '59', '74', '50', '35', '50', '35']"
golurk,"['ground', 'ghost']",623,89,---,"['Iron Fist', 'Klutz', 'No Guard']","['Base Stats - Total: 483', '89', '124', '80', '55', '80', '55']"
pawniard,"['dark', 'steel']",624,246,29,"['Defiant', 'Inner Focus', 'Pressure']","['Base Stats - Total: 340', '45', '85', '70', '40', '40', '60']"
bisharp,"['dark', 'steel']",625,247,30,"['Defiant', 'Inner Focus', 'Pressure']","['Base Stats - Total: 490', '65', '125', '100', '60', '70', '70']"
bouffalant,['normal'],626,---,53,"['Reckless', 'Sap Sipper', 'Soundproof']","['Base Stats - Total: 490', '95', '110', '95', '40', '95', '55']"
rufflet,"['normal', 'flying']",627,281,179,"['Keen Eye', 'Sheer Force', 'Hustle']","['Base Stats - Total: 350', '70', '83', '50', '37', '50', '60']"
braviary,"['normal', 'flying']",628,282,180,"['Keen Eye', 'Sheer Force', 'Defiant']","['Base Stats - Total: 510', '100', '123', '75', '57', '75', '80']"
vullaby,"['dark', 'flying']",629,283,181,"['Big Pecks', 'Overcoat', 'Weak Armor']","['Base Stats - Total: 370', '70', '55', '75', '45', '65', '60']"
mandibuzz,"['dark', 'flying']",630,284,182,"['Big Pecks', 'Overcoat', 'Weak Armor']","['Base Stats - Total: 510', '110', '65', '105', '55', '95', '80']"
heatmor,['fire'],631,317,---,"['Gluttony', 'Flash Fire', 'White Smoke']","['Base Stats - Total: 484', '85', '97', '66', '105', '66', '65']"
durant,"['bug', 'steel']",632,316,---,"['Swarm', 'Hustle', 'Truant']","['Base Stats - Total: 484', '58', '109', '112', '48', '48', '109']"
deino,"['dark', 'dragon']",633,386,---,['Hustle'],"['Base Stats - Total: 300', '52', '65', '50', '45', '50', '38']"
zweilous,"['dark', 'dragon']",634,387,---,['Hustle'],"['Base Stats - Total: 420', '72', '85', '70', '65', '70', '58']"
hydreigon,"['dark', 'dragon']",635,388,---,['Levitate'],"['Base Stats - Total: 600', '92', '105', '90', '125', '90', '98']"
larvesta,"['bug', 'fire']",636,---,186,"['Flame Body', 'Swarm']","['Base Stats - Total: 360', '55', '85', '55', '50', '55', '60']"
volcarona,"['bug', 'fire']",637,---,187,"['Flame Body', 'Swarm']","['Base Stats - Total: 550', '85', '60', '65', '135', '105', '100']"
cobalion,"['steel', 'fighting']",638,---,---,['Justified'],"['Base Stats - Total: 580', '91', '90', '129', '90', '72', '108']"
terrakion,"['rock', 'fighting']",639,---,---,['Justified'],"['Base Stats - Total: 580', '91', '129', '90', '72', '90', '108']"
virizion,"['grass', 'fighting']",640,---,---,['Justified'],"['Base Stats - Total: 580', '91', '90', '72', '90', '129', '108']"
reshiram,"['dragon', 'fire']",643,---,---,['Turboblaze'],"['Base Stats - Total: 680', '100', '120', '100', '150', '120', '90']"
zekrom,"['dragon', 'electric']",644,---,---,['Teravolt'],"['Base Stats - Total: 680', '100', '150', '120', '120', '100', '90']"
kyurem,"['dragon', 'ice']",646,---,---,"['Pressure', 'Teravolt', 'Turboblaze']","['Base Stats - Total: 660', '125', '130', '90', '130', '90', '95', 'Base Stats - Total: 700', '125', '170', '100', '120', '90', '95', 'Base Stats - Total: 700', '125', '120', '90', '170', '100', '95']"
keldeo,"['water', 'fighting']",647,---,---,['Justified'],"['Base Stats - Total: 580', '91', '72', '90', '129', '90', '108']"
bunnelby,['normal'],659,48,---,"['Pickup', 'Cheek Pouch', 'Huge Power']","['Base Stats - Total: 237', '38', '36', '38', '32', '36', '57']"
diggersby,"['normal', 'ground']",660,49,---,"['Pickup', 'Cheek Pouch', 'Huge Power']","['Base Stats - Total: 423', '85', '56', '77', '50', '77', '78']"
fletchling,"['normal', 'flying']",661,---,22,"['Big Pecks', 'Gale Wings']","['Base Stats - Total: 278', '45', '50', '43', '40', '38', '62']"
fletchinder,"['fire', 'flying']",662,---,23,"['Flame Body', 'Gale Wings']","['Base Stats - Total: 382', '62', '73', '55', '56', '52', '84']"
talonflame,"['fire', 'flying']",663,---,24,"['Flame Body', 'Gale Wings']","['Base Stats - Total: 499', '78', '81', '71', '74', '69', '126']"
pancham,['fighting'],674,111,---,"['Iron Fist', 'Mold Breaker', 'Scrappy']","['Base Stats - Total: 348', '67', '82', '62', '46', '48', '43']"
pangoro,"['fighting', 'dark']",675,112,---,"['Iron Fist', 'Mold Breaker', 'Scrappy']","['Base Stats - Total: 495', '95', '124', '78', '69', '71', '58']"
espurr,['psychic'],677,208,---,"['Keen Eye', 'Infiltrator', 'Own Tempo']","['Base Stats - Total: 355', '62', '48', '54', '63', '60', '68']"
meowstic,['psychic'],678,209,---,"['Keen Eye', 'Infiltrator', 'Prankster', 'Competitive']","['Base Stats - Total: 466', '74', '48', '76', '83', '81', '104']"
honedge,"['steel', 'ghost']",679,330,---,['No Guard'],"['Base Stats - Total: 325', '45', '80', '100', '35', '37', '28']"
doublade,"['steel', 'ghost']",680,331,---,['No Guard'],"['Base Stats - Total: 448', '59', '110', '150', '45', '49', '35']"
aegislash,"['steel', 'ghost']",681,332,---,['Stance Change'],"['Base Stats - Total: 500', '60', '50', '140', '50', '140', '60', 'Base Stats - Total: 500', '60', '140', '50', '140', '50', '60']"
spritzee,['fairy'],682,212,---,"['Healer', 'Aroma Veil']","['Base Stats - Total: 341', '78', '52', '60', '63', '65', '23']"
aromatisse,['fairy'],683,213,---,"['Healer', 'Aroma Veil']","['Base Stats - Total: 462', '101', '72', '72', '99', '89', '29']"
swirlix,['fairy'],684,210,---,"['Sweet Veil', 'Unburden']","['Base Stats - Total: 341', '62', '48', '66', '59', '57', '49']"
slurpuff,['fairy'],685,211,---,"['Sweet Veil', 'Unburden']","['Base Stats - Total: 480', '82', '80', '86', '85', '75', '72']"
inkay,"['dark', 'psychic']",686,290,108,"['Contrary', 'Suction Cups', 'Infiltrator']","['Base Stats - Total: 288', '53', '54', '53', '37', '46', '45']"
malamar,"['dark', 'psychic']",687,291,109,"['Contrary', 'Suction Cups', 'Infiltrator']","['Base Stats - Total: 482', '86', '92', '88', '68', '75', '73']"
binacle,"['rock', 'water']",688,234,---,"['Tough Claws', 'Sniper', 'Pickpocket']","['Base Stats - Total: 306', '42', '52', '67', '39', '56', '50']"
barbaracle,"['rock', 'water']",689,235,---,"['Tough Claws', 'Sniper', 'Pickpocket']","['Base Stats - Total: 500', '72', '105', '115', '54', '86', '68']"
skrelp,"['poison', 'water']",690,---,194,"['Poison Point', 'Poison Touch', 'Adaptability']","['Base Stats - Total: 320', '50', '60', '60', '60', '60', '30']"
dragalge,"['poison', 'dragon']",691,---,195,"['Poison Point', 'Poison Touch', 'Adaptability']","['Base Stats - Total: 494', '65', '75', '90', '97', '123', '44']"
clauncher,['water'],692,---,196,['Mega Launcher'],"['Base Stats - Total: 330', '50', '53', '62', '58', '63', '44']"
clawitzer,['water'],693,---,197,['Mega Launcher'],"['Base Stats - Total: 500', '71', '73', '88', '120', '89', '59']"
helioptile,"['electric', 'normal']",694,318,---,"['Dry Skin', 'Sand Veil', 'Solar Power']","['Base Stats - Total: 289', '44', '38', '33', '61', '43', '70']"
heliolisk,"['electric', 'normal']",695,319,---,"['Dry Skin', 'Sand Veil', 'Solar Power']","['Base Stats - Total: 481', '62', '55', '52', '109', '94', '109']"
sylveon,['fairy'],700,204,---,"['Cute Charm', 'Pixilate']","['Base Stats - Total: 525', '95', '65', '65', '110', '130', '60']"
hawlucha,"['fighting', 'flying']",701,320,---,"['Limber', 'Unburden', 'Mold Breaker']","['Base Stats - Total: 500', '78', '92', '75', '74', '63', '118']"
dedenne,"['electric', 'fairy']",702,---,103,"['Cheek Pouch', 'Pickup', 'Plus']","['Base Stats - Total: 431', '67', '58', '57', '81', '67', '101']"
goomy,['dragon'],704,389,60,"['Sap Sipper', 'Hydration', 'Gooey']","['Base Stats - Total: 300', '45', '50', '35', '55', '75', '40']"
sliggoo,['dragon'],705,390,61,"['Sap Sipper', 'Hydration', 'Gooey']","['Base Stats - Total: 452', '68', '75', '53', '83', '113', '60']"
goodra,['dragon'],706,391,62,"['Sap Sipper', 'Hydration', 'Gooey']","['Base Stats - Total: 600', '90', '100', '70', '110', '150', '80']"
klefki,"['steel', 'fairy']",707,---,28,"['Prankster', 'Magician']","['Base Stats - Total: 470', '57', '80', '91', '80', '87', '75']"
phantump,"['ghost', 'grass']",708,338,---,"['Natural Cure', 'Frisk', 'Harvest']","['Base Stats - Total: 309', '43', '70', '48', '50', '60', '38']"
trevenant,"['ghost', 'grass']",709,339,---,"['Natural Cure', 'Frisk', 'Harvest']","['Base Stats - Total: 474', '85', '110', '76', '65', '82', '56']"
pumpkaboo,"['ghost', 'grass']",710,191,---,"['Pickup', 'Frisk', 'Insomnia']","['Base Stats - Total: 335', '49', '66', '70', '44', '55', '51', 'Base Stats - Total: 335', '44', '66', '70', '44', '55', '56', 'Base Stats - Total: 335', '54', '66', '70', '44', '55', '46', 'Base Stats - Total: 335', '59', '66', '70', '44', '55', '41']"
gourgeist,"['ghost', 'grass']",711,192,---,"['Pickup', 'Frisk', 'Insomnia']","['Base Stats - Total: 494', '65', '90', '122', '58', '75', '84', 'Base Stats - Total: 494', '55', '85', '122', '58', '75', '99', 'Base Stats - Total: 494', '75', '95', '122', '58', '75', '69', 'Base Stats - Total: 494', '85', '100', '122', '58', '75', '54']"
bergmite,['ice'],712,358,---,"['Own Tempo', 'Ice Body', 'Sturdy']","['Base Stats - Total: 304', '55', '69', '85', '32', '35', '28']"
avalugg,['ice'],713,359,---,"['Own Tempo', 'Ice Body', 'Sturdy']","['Base Stats - Total: 514', '95', '117', '184', '44', '46', '28']"
noibat,"['flying', 'dragon']",714,176,---,"['Frisk', 'Infiltrator', 'Telepathy']","['Base Stats - Total: 245', '40', '30', '35', '45', '40', '55']"
noivern,"['flying', 'dragon']",715,177,---,"['Frisk', 'Infiltrator', 'Telepathy']","['Base Stats - Total: 535', '85', '70', '80', '97', '80', '123']"
809<,[],---,---,---,[],[]
rowlet,"['grass', 'flying']",722,---,---,"['Overgrow', 'Long Reach']","['Base Stats - Total: 320', '68', '55', '55', '50', '50', '42']"
dartrix,"['grass', 'flying']",723,---,---,"['Overgrow', 'Long Reach']","['Base Stats - Total: 420', '78', '75', '75', '70', '70', '52']"
decidueye,"['grass', 'ghost']",724,---,---,"['Overgrow', 'Long Reach']","['Base Stats - Total: 530', '78', '107', '75', '100', '100', '70']"
litten,['fire'],725,---,---,"['Blaze', 'Intimidate']","['Base Stats - Total: 320', '45', '65', '40', '60', '40', '70']"
torracat,['fire'],726,---,---,"['Blaze', 'Intimidate']","['Base Stats - Total: 420', '65', '85', '50', '80', '50', '90']"
incineroar,"['fire', 'dark']",727,---,---,"['Blaze', 'Intimidate']","['Base Stats - Total: 530', '95', '115', '90', '80', '90', '60']"
popplio,['water'],728,---,---,"['Torrent', 'Liquid Voice']","['Base Stats - Total: 320', '50', '54', '54', '66', '56', '40']"
brionne,['water'],729,---,---,"['Torrent', 'Liquid Voice']","['Base Stats - Total: 420', '60', '69', '69', '91', '81', '50']"
primarina,"['water', 'fairy']",730,---,---,"['Torrent', 'Liquid Voice']","['Base Stats - Total: 530', '80', '74', '74', '126', '116', '60']"
grubbin,['bug'],736,16,---,['Swarm'],"['Base Stats - Total: 300', '47', '62', '45', '55', '45', '46']"
charjabug,"['bug', 'electric']",737,17,---,['Battery'],"['Base Stats - Total: 400', '57', '82', '95', '55', '75', '36']"
vikavolt,"['bug', 'electric']",738,18,---,['Levitate'],"['Base Stats - Total: 500', '77', '70', '90', '145', '75', '43']"
cutiefly,"['bug', 'fairy']",742,187,---,"['Honey Gather', 'Shield Dust', 'Sweet Veil']","['Base Stats - Total: 304', '40', '45', '40', '55', '40', '84']"
ribombee,"['bug', 'fairy']",743,188,---,"['Honey Gather', 'Shield Dust', 'Sweet Veil']","['Base Stats - Total: 464', '60', '55', '60', '95', '70', '124']"
rockruff,['rock'],744,---,157,"['Keen Eye', 'Vital Spirit', 'Steadfast', 'Own Tempo']","['Base Stats - Total: 280', '45', '65', '40', '30', '40', '60']"
lycanroc,['rock'],745,---,158,"['Keen Eye', 'Sand Rush', 'Steadfast', 'Vital Spirit', 'No Guard', 'Tough Claws']","['Base Stats - Total: 487', '75', '115', '65', '55', '65', '112', 'Base Stats - Total: 487', '85', '115', '75', '55', '75', '82', 'Base Stats - Total: 487', '75', '117', '65', '55', '65', '110']"
wishiwashi,['water'],746,155,110,['Schooling'],"['Base Stats - Total: 175', '45', '20', '20', '25', '25', '40', 'Base Stats - Total: 620', '45', '140', '130', '140', '135', '30']"
mareanie,"['poison', 'water']",747,307,127,"['Merciless', 'Limber', 'Regenerator']","['Base Stats - Total: 305', '50', '53', '62', '43', '52', '45']"
toxapex,"['poison', 'water']",748,308,128,"['Merciless', 'Limber', 'Regenerator']","['Base Stats - Total: 495', '50', '63', '152', '53', '142', '35']"
mudbray,['ground'],749,84,---,"['Own Tempo', 'Stamina', 'Inner Focus']","['Base Stats - Total: 385', '70', '100', '70', '45', '55', '45']"
mudsdale,['ground'],750,85,---,"['Own Tempo', 'Stamina', 'Inner Focus']","['Base Stats - Total: 500', '100', '125', '100', '55', '85', '35']"
dewpider,"['water', 'bug']",751,214,---,"['Water Bubble', 'Water Absorb']","['Base Stats - Total: 269', '38', '40', '52', '40', '72', '27']"
araquanid,"['water', 'bug']",752,215,---,"['Water Bubble', 'Water Absorb']","['Base Stats - Total: 454', '68', '70', '92', '50', '132', '42']"
fomantis,['grass'],753,---,17,"['Leaf Guard', 'Contrary']","['Base Stats - Total: 250', '40', '55', '35', '50', '35', '35']"
lurantis,['grass'],754,---,18,"['Leaf Guard', 'Contrary']","['Base Stats - Total: 480', '70', '105', '90', '80', '90', '45']"
morelull,"['grass', 'fairy']",755,340,---,"['Illuminate', 'Effect Spore', 'Rain Dish']","['Base Stats - Total: 285', '40', '35', '55', '65', '75', '15']"
shiinotic,"['grass', 'fairy']",756,341,---,"['Illuminate', 'Effect Spore', 'Rain Dish']","['Base Stats - Total: 405', '60', '45', '80', '90', '100', '30']"
salandit,"['poison', 'fire']",757,244,159,"['Corrosion', 'Oblivious']","['Base Stats - Total: 320', '48', '44', '40', '71', '40', '77']"
salazzle,"['poison', 'fire']",758,245,160,"['Corrosion', 'Oblivious']","['Base Stats - Total: 480', '68', '64', '60', '111', '60', '117']"
stufful,"['normal', 'fighting']",759,94,---,"['Fluffy', 'Klutz', 'Cute Charm']","['Base Stats - Total: 340', '70', '75', '50', '45', '50', '50']"
bewear,"['normal', 'fighting']",760,95,---,"['Fluffy', 'Klutz', 'Unnerve']","['Base Stats - Total: 500', '120', '125', '80', '55', '60', '60']"
bounsweet,['grass'],761,52,---,"['Leaf Guard', 'Oblivious', 'Sweet Veil']","['Base Stats - Total: 210', '42', '30', '38', '30', '38', '32']"
steenee,['grass'],762,53,---,"['Leaf Guard', 'Oblivious', 'Sweet Veil']","['Base Stats - Total: 290', '52', '40', '48', '40', '48', '62']"
tsareena,['grass'],763,54,---,"['Leaf Guard', 'Queenly Majesty', 'Sweet Veil']","['Base Stats - Total: 510', '72', '120', '98', '50', '98', '72']"
comfey,['fairy'],764,---,79,"['Flower Veil', 'Triage', 'Natural Cure']","['Base Stats - Total: 485', '51', '52', '90', '82', '110', '100']"
oranguru,"['normal', 'psychic']",765,342,89,"['Inner Focus', 'Telepathy', 'Symbiosis']","['Base Stats - Total: 490', '90', '60', '80', '90', '110', '60']"
passimian,['fighting'],766,343,90,"['Receiver', 'Defiant']","['Base Stats - Total: 490', '100', '120', '90', '40', '60', '80']"
wimpod,"['bug', 'water']",767,232,124,['Wimp Out'],"['Base Stats - Total: 230', '25', '35', '40', '20', '30', '80']"
golisopod,"['bug', 'water']",768,233,125,['Emergency Exit'],"['Base Stats - Total: 530', '75', '125', '140', '60', '90', '40']"
sandygast,"['ghost', 'ground']",769,---,133,"['Water Compaction', 'Sand Veil']","['Base Stats - Total: 320', '55', '55', '80', '70', '45', '15']"
palossand,"['ghost', 'ground']",770,---,134,"['Water Compaction', 'Sand Veil']","['Base Stats - Total: 480', '85', '75', '110', '100', '75', '35']"
pyukumuku,['water'],771,156,---,"['Innards Out', 'Unaware']","['Base Stats - Total: 410', '55', '60', '130', '30', '130', '5']"
type:null,['normal'],772,381,---,['Battle Armor'],"['Base Stats - Total: 534', '95', '95', '95', '95', '95', '59']"
silvally,['normal'],773,382,---,['RKS System'],"['Base Stats - Total: 570', '95', '95', '95', '95', '95', '95']"
turtonator,"['fire', 'dragon']",776,347,---,['Shell Armor'],"['Base Stats - Total: 485', '60', '78', '135', '91', '85', '36']"
togedemaru,"['electric', 'steel']",777,348,---,"['Iron Barbs', 'Lightning Rod', 'Sturdy']","['Base Stats - Total: 435', '65', '98', '63', '40', '73', '96']"
mimikyu,"['ghost', 'fairy']",778,301,---,['Disguise'],"['Base Stats - Total: 476', '55', '90', '80', '50', '105', '96']"
drampa,"['normal', 'dragon']",780,346,---,"['Berserk', 'Sap Sipper', 'Cloud Nine']","['Base Stats - Total: 485', '78', '60', '85', '135', '91', '36']"
dhelmise,"['ghost', 'grass']",781,360,---,['Steelworker'],"['Base Stats - Total: 517', '70', '131', '100', '86', '90', '40']"
jangmo-o,['dragon'],782,392,165,"['Bulletproof', 'Soundproof', 'Overcoat']","['Base Stats - Total: 300', '45', '55', '65', '45', '45', '45']"
hakamo-o,"['dragon', 'fighting']",783,393,166,"['Bulletproof', 'Soundproof', 'Overcoat']","['Base Stats - Total: 420', '55', '75', '90', '65', '70', '65']"
kommo-o,"['dragon', 'fighting']",784,394,167,"['Bulletproof', 'Soundproof', 'Overcoat']","['Base Stats - Total: 600', '75', '110', '125', '100', '105', '85']"
cosmog,['psychic'],789,---,---,['Unaware'],"['Base Stats - Total: 200', '43', '29', '31', '29', '31', '37']"
cosmoem,['psychic'],790,---,---,['Sturdy'],"['Base Stats - Total: 400', '43', '29', '131', '29', '131', '37']"
solgaleo,"['psychic', 'steel']",791,---,---,['Full Metal Body'],"['Base Stats - Total: 680', '137', '137', '107', '113', '89', '97']"
lunala,"['psychic', 'ghost']",792,---,---,['Shadow Shield'],"['Base Stats - Total: 680', '137', '113', '89', '137', '107', '97']"
necrozma,"['psychic', 'psychic']",800,---,---,['Prism Armor'],"['Base Stats - Total: 600', '97', '107', '101', '127', '89', '79', 'Base Stats - Total: 680', '97', '157', '127', '113', '109', '77', 'Base Stats - Total: 680', '97', '113', '109', '157', '127', '77']"
magearna,"['steel', 'fairy']",801,---,---,['Soul-Heart'],"['Base Stats - Total: 600', '80', '95', '115', '130', '115', '65']"
marshadow,"['fighting', 'ghost']",802,---,---,['Technician'],"['Base Stats - Total: 600', '90', '125', '80', '90', '90', '125']"
zeraora,['electric'],807,---,---,['Volt Absorb'],"['Base Stats - Total: 600', '88', '112', '75', '102', '80', '143']"
meltan,['steel'],808,---,---,['Magnet Pull'],"['Base Stats - Total: 300', '46', '65', '65', '55', '35', '34']"
melmetal,"['steel', 'steel']",809,---,---,['Iron Fist'],"['Base Stats - Total: 600', '135', '143', '143', '80', '65', '34']"
grookey,['grass'],810,1,---,"['Overgrow', 'Grassy Surge']","['Base Stats - Total: 310', '50', '65', '50', '40', '40', '65']"
thwackey,['grass'],811,2,---,"['Overgrow', 'Grassy Surge']","['Base Stats - Total: 420', '70', '85', '70', '55', '60', '80']"
rillaboom,"['grass', 'grass']",812,3,---,"['Overgrow', 'Grassy Surge']","['Base Stats - Total: 530', '100', '125', '90', '60', '70', '85']"
scorbunny,['fire'],813,4,---,"['Blaze', 'Libero']","['Base Stats - Total: 310', '50', '71', '40', '40', '40', '69']"
raboot,['fire'],814,5,---,"['Blaze', 'Libero']","['Base Stats - Total: 420', '65', '86', '60', '55', '60', '94']"
cinderace,"['fire', 'fire']",815,6,---,"['Blaze', 'Libero']","['Base Stats - Total: 530', '80', '116', '75', '65', '75', '119']"
sobble,['water'],816,7,---,"['Torrent', 'Sniper']","['Base Stats - Total: 310', '50', '40', '40', '70', '40', '70']"
drizzile,['water'],817,8,---,"['Torrent', 'Sniper']","['Base Stats - Total: 420', '65', '60', '55', '95', '55', '90']"
inteleon,"['water', 'water']",818,9,---,"['Torrent', 'Sniper']","['Base Stats - Total: 530', '70', '85', '65', '125', '65', '120']"
skwovet,['normal'],819,24,9,"['Cheek Pouch', 'Gluttony']","['Base Stats - Total: 275', '70', '55', '55', '35', '35', '25']"
greedent,['normal'],820,25,10,"['Cheek Pouch', 'Gluttony']","['Base Stats - Total: 460', '120', '95', '95', '55', '75', '20']"
rookidee,['flying'],821,21,---,"['Keen Eye', 'Unnerve', 'Big Pecks']","['Base Stats - Total: 245', '38', '47', '35', '33', '35', '57']"
corvisquire,['flying'],822,22,---,"['Keen Eye', 'Unnerve', 'Big Pecks']","['Base Stats - Total: 365', '68', '67', '55', '43', '55', '77']"
corviknight,"['flying', 'steel']",823,23,---,"['Pressure', 'Unnerve', 'Mirror Armor']","['Base Stats - Total: 495', '98', '87', '105', '53', '85', '67']"
blipbug,['bug'],824,10,14,"['Swarm', 'Compoundeyes', 'Telepathy']","['Base Stats - Total: 180', '25', '20', '20', '25', '45', '45']"
dottler,"['bug', 'psychic']",825,11,15,"['Swarm', 'Compoundeyes', 'Telepathy']","['Base Stats - Total: 335', '50', '35', '80', '50', '90', '30']"
orbeetle,"['bug', 'psychic']",826,12,16,"['Swarm', 'Frisk', 'Telepathy']","['Base Stats - Total: 505', '60', '45', '110', '80', '120', '90']"
nickit,['dark'],827,29,---,"['Run Away', 'Unburden', 'Stakeout']","['Base Stats - Total: 245', '40', '28', '28', '47', '52', '50']"
thievul,['dark'],828,30,---,"['Run Away', 'Unburden', 'Stakeout']","['Base Stats - Total: 455', '70', '58', '58', '87', '92', '90']"
gossifleur,['grass'],829,126,---,"['Cotton Down', 'Regenerator', 'Effect Spore']","['Base Stats - Total: 250', '40', '40', '60', '40', '60', '10']"
eldegoss,['grass'],830,127,---,"['Cotton Down', 'Regenerator', 'Effect Spore']","['Base Stats - Total: 460', '60', '50', '90', '80', '120', '60']"
wooloo,['normal'],831,34,---,"['Fluffy', 'Run Away', 'Bulletproof']","['Base Stats - Total: 270', '42', '40', '55', '40', '45', '48']"
dubwool,['normal'],832,35,---,"['Fluffy', 'Steadfast', 'Bulletproof']","['Base Stats - Total: 490', '72', '80', '100', '60', '90', '88']"
chewtle,['water'],833,42,56,"['Strong Jaw', 'Shell Armor', 'Swift Swim']","['Base Stats - Total: 284', '50', '64', '50', '38', '38', '44']"
drednaw,"['water', 'rock']",834,43,57,"['Strong Jaw', 'Shell Armor', 'Swift Swim']","['Base Stats - Total: 485', '90', '115', '90', '48', '68', '74']"
yamper,['electric'],835,46,---,"['Ball Fetch', 'Rattled']","['Base Stats - Total: 270', '59', '45', '50', '40', '50', '26']"
boltund,['electric'],836,47,---,"['Strong Jaw', 'Competitive']","['Base Stats - Total: 490', '69', '90', '60', '90', '60', '121']"
rolycoly,['rock'],837,161,---,"['Steam Engine', 'Heatproof', 'Flash Fire']","['Base Stats - Total: 240', '30', '40', '50', '40', '50', '30']"
carkol,"['rock', 'fire']",838,162,---,"['Steam Engine', 'Flame Body', 'Flash Fire']","['Base Stats - Total: 410', '80', '60', '90', '60', '70', '50']"
coalossal,"['rock', 'fire']",839,163,---,"['Steam Engine', 'Flame Body', 'Flash Fire']","['Base Stats - Total: 510', '110', '80', '120', '80', '90', '30']"
applin,"['grass', 'dragon']",840,205,19,"['Ripen', 'Gluttony', 'Bulletproof']","['Base Stats - Total: 260', '40', '40', '80', '40', '40', '20']"
flapple,"['grass', 'dragon']",841,206,20,"['Ripen', 'Gluttony', 'Hustle']","['Base Stats - Total: 485', '70', '110', '80', '95', '60', '70']"
appletun,"['grass', 'dragon']",842,207,21,"['Ripen', 'Gluttony', 'Thick Fat']","['Base Stats - Total: 485', '110', '85', '80', '100', '80', '30']"
silicobra,['ground'],843,312,174,"['Sand Spit', 'Shed Skin', 'Sand Veil']","['Base Stats - Total: 315', '52', '57', '75', '35', '50', '46']"
sandaconda,"['ground', 'ground']",844,313,175,"['Sand Spit', 'Shed Skin', 'Sand Veil']","['Base Stats - Total: 510', '72', '107', '125', '65', '70', '71']"
cramorant,"['flying', 'water']",845,309,93,['Gulp Missile'],"['Base Stats - Total: 475', '70', '85', '55', '85', '95', '85']"
arrokuda,['water'],846,180,96,"['Swift Swim', 'Propeller Tail']","['Base Stats - Total: 280', '41', '63', '40', '40', '30', '66']"
barraskewda,['water'],847,181,97,"['Swift Swim', 'Propeller Tail']","['Base Stats - Total: 490', '61', '123', '60', '60', '50', '136']"
toxel,"['electric', 'poison']",848,310,---,"['Rattled', 'Static', 'Klutz']","['Base Stats - Total: 242', '40', '38', '35', '54', '35', '40']"
toxtricity,"['electric', 'poison']",849,311,---,"['Punk Rock', 'Plus', 'Technician', 'Minus']","['Base Stats - Total: 502', '75', '98', '70', '114', '70', '75']"
sizzlipede,"['fire', 'bug']",850,159,---,"['Flash Fire', 'White Smoke', 'Flame Body']","['Base Stats - Total: 305', '50', '65', '45', '50', '50', '45']"
centiskorch,"['fire', 'bug']",851,160,---,"['Flash Fire', 'White Smoke', 'Flame Body']","['Base Stats - Total: 525', '100', '115', '65', '90', '90', '65']"
clobbopus,['fighting'],852,351,129,"['Limber', 'Technician']","['Base Stats - Total: 310', '50', '68', '60', '50', '50', '32']"
grapploct,['fighting'],853,352,130,"['Limber', 'Technician']","['Base Stats - Total: 480', '80', '118', '90', '70', '80', '42']"
sinistea,['ghost'],854,335,---,"['Weak Armor', 'Cursed Body']","['Base Stats - Total: 308', '40', '45', '45', '74', '54', '50']"
polteageist,['ghost'],855,336,---,"['Weak Armor', 'Cursed Body']","['Base Stats - Total: 508', '60', '65', '65', '134', '114', '70']"
hatenna,['psychic'],856,241,---,"['Healer', 'Anticipation', 'Magic Bounce']","['Base Stats - Total: 265', '42', '30', '45', '56', '53', '39']"
hattrem,['psychic'],857,242,---,"['Healer', 'Anticipation', 'Magic Bounce']","['Base Stats - Total: 370', '57', '40', '65', '86', '73', '49']"
hatterene,"['psychic', 'fairy']",858,243,---,"['Healer', 'Anticipation', 'Magic Bounce']","['Base Stats - Total: 510', '57', '90', '95', '136', '103', '29']"
impidimp,"['dark', 'fairy']",859,238,---,"['Prankster', 'Frisk', 'Pickpocket']","['Base Stats - Total: 265', '45', '45', '30', '55', '40', '50']"
morgrem,"['dark', 'fairy']",860,239,---,"['Prankster', 'Frisk', 'Pickpocket']","['Base Stats - Total: 370', '65', '60', '45', '75', '55', '70']"
grimmsnarl,"['dark', 'fairy']",861,240,---,"['Prankster', 'Frisk', 'Pickpocket']","['Base Stats - Total: 510', '95', '120', '65', '95', '75', '60']"
obstagoon,"['dark', 'normal']",862,33,---,"['Reckless', 'Guts', 'Defiant']","['Base Stats - Total: 520', '93', '90', '101', '60', '81', '95']"
perrserker,['steel'],863,183,---,"['Battle Armor', 'Tough Claws', 'Steely Spirit']","['Base Stats - Total: 440', '70', '110', '100', '50', '60', '50']"
cursola,['ghost'],864,237,---,"['Weak Armor', 'Perish Body']","['Base Stats - Total: 510', '60', '95', '50', '145', '130', '30']"
sirfetch'd,['fighting'],865,219,---,"['Steadfast', 'Scrappy']","['Base Stats - Total: 507', '62', '135', '95', '68', '82', '65']"
mr.rime,"['ice', 'psychic']",866,366,---,"['Tangled Feet', 'Screen Cleaner', 'Ice Body']","['Base Stats - Total: 520', '80', '85', '75', '110', '100', '70']"
runerigus,"['ground', 'ghost']",867,328,---,['Wandering Spirit'],"['Base Stats - Total: 483', '58', '95', '145', '50', '105', '30']"
milcery,['fairy'],868,185,---,"['Sweet Veil', 'Aroma Veil']","['Base Stats - Total: 270', '45', '40', '40', '50', '61', '34']"
alcremie,"['fairy', 'fairy']",869,186,---,"['Sweet Veil', 'Aroma Veil']","['Base Stats - Total: 495', '65', '60', '75', '110', '121', '64']"
falinks,['fighting'],870,345,---,"['Battle Armor', 'Defiant']","['Base Stats - Total: 470', '65', '100', '100', '70', '60', '75']"
pincurchin,['electric'],871,353,126,"['Lightning Rod', 'Electric Surge']","['Base Stats - Total: 435', '48', '101', '95', '91', '85', '15']"
snom,"['ice', 'bug']",872,349,---,"['Shield Dust', 'Ice Scales']","['Base Stats - Total: 185', '30', '25', '35', '45', '30', '20']"
frosmoth,"['ice', 'bug']",873,350,---,"['Shield Dust', 'Ice Scales']","['Base Stats - Total: 475', '70', '65', '60', '125', '90', '65']"
stonjourner,['rock'],874,369,---,['Power Spot'],"['Base Stats - Total: 470', '100', '125', '135', '20', '20', '70']"
eiscue,['ice'],875,370,---,['Ice Face'],"['Base Stats - Total: 470', '75', '80', '110', '65', '90', '50', 'Base Stats - Total: 470', '75', '80', '70', '65', '50', '130']"
indeedee,"['psychic', 'normal']",876,337,---,"['Inner Focus', 'Synchronize', 'Psychic Surge', 'Own Tempo']","['Base Stats - Total: 475', '60', '65', '55', '105', '95', '95', 'Base Stats - Total: 475', '70', '55', '65', '95', '105', '85']"
morpeko,"['electric', 'dark']",877,344,104,['Hunger Switch'],"['Base Stats - Total: 436', '58', '95', '58', '70', '58', '97']"
cufant,['steel'],878,302,---,"['Sheer Force', 'Heavy Metal']","['Base Stats - Total: 330', '72', '80', '49', '40', '49', '40']"
copperajah,"['steel', 'steel']",879,303,---,"['Sheer Force', 'Heavy Metal']","['Base Stats - Total: 500', '122', '130', '69', '80', '69', '30']"
dracozolt,"['electric', 'dragon']",880,374,---,"['Volt Absorb', 'Hustle', 'Sand Rush']","['Base Stats - Total: 505', '90', '100', '90', '80', '70', '75']"
arctozolt,"['electric', 'ice']",881,375,---,"['Volt Absorb', 'Static', 'Slush Rush']","['Base Stats - Total: 505', '90', '100', '90', '90', '80', '55']"
dracovish,"['water', 'dragon']",882,376,---,"['Water Absorb', 'Strong Jaw', 'Sand Rush']","['Base Stats - Total: 505', '90', '90', '100', '70', '80', '75']"
arctovish,"['water', 'ice']",883,377,---,"['Water Absorb', 'Ice Body', 'Slush Rush']","['Base Stats - Total: 505', '90', '90', '100', '80', '90', '55']"
duraludon,"['steel', 'dragon']",884,371,---,"['Light Metal', 'Heavy Metal', 'Stalwart']","['Base Stats - Total: 535', '70', '95', '115', '120', '50', '85']"
dreepy,"['dragon', 'ghost']",885,395,---,"['Clear Body', 'Infiltrator', 'Cursed Body']","['Base Stats - Total: 270', '28', '60', '30', '40', '30', '82']"
drakloak,"['dragon', 'ghost']",886,396,---,"['Clear Body', 'Infiltrator', 'Cursed Body']","['Base Stats - Total: 410', '68', '80', '50', '60', '50', '102']"
dragapult,"['dragon', 'ghost']",887,397,---,"['Clear Body', 'Infiltrator', 'Cursed Body']","['Base Stats - Total: 600', '88', '120', '75', '100', '75', '142']"
zacian,"['fairy', 'fairy']",888,398,---,['Intrepid Sword'],"['Base Stats - Total: 670', '92', '130', '115', '80', '115', '138', 'Base Stats - Total: 720', '92', '170', '115', '80', '115', '148']"
zamazenta,"['fighting', 'fighting']",889,399,---,['Dauntless Shield'],"['Base Stats - Total: 670', '92', '130', '115', '80', '115', '138', 'Base Stats - Total: 720', '92', '130', '145', '80', '145', '128']"
eternatus,"['poison', 'dragon']",890,400,---,['Pressure'],"['Base Stats - Total: 690', '140', '85', '95', '145', '95', '130', 'Base Stats - Total: 1125', '255', '115', '250', '125', '250', '130']"
kubfu,['fighting'],891,---,100,['Inner Focus'],"['Base Stats - Total: 385', '60', '90', '60', '53', '50', '72']"
urshifu,"['fighting', 'dark']",892,---,101,['Unseen Fist'],"['Base Stats - Total: 550', '100', '130', '100', '63', '60', '97', 'Base Stats - Total: 550', '100', '130', '100', '63', '60', '97']"
zarude,"['dark', 'grass']",893,---,211,['Leaf Guard'],"['Base Stats - Total: 600', '105', '120', '105', '70', '95', '105']"
calyrex,"['psychic', 'grass']",89?,??<,<td,['Unnerve'],[]
regieleki,['electric'],89?,??<,<td,['Transistor'],[]
regidrago,['dragon'],89?,??<,<td,"[""Dragon's Maw""]",[]
